tamanho_imovel,num_quartos,num_banheiros,idade_imovel,num_vagas_garagem,andar,vista,acabamento,prox_servicos,acessibilidade_transporte,infraestrutura_regiao,seguranca_bairro,zona_valorizacao,taxa_juros,oferta_demanda,indices_economicos,areas_comuns,tecnologias,condominio_fechado,momento_compra_venda,historico_valorizacao,zoneamento_urbano,impostos_taxas,prox_praias_parques,risco_ambiental,preco_imovel
152,1,3,38,0,13,1,1,0,1,2,4,2,0.04016961546467119,4,4,0,1,1,0,2,4,2,1,1,214090
229,3,1,49,2,2,1,1,1,1,4,2,2,0.03850815275496118,2,1,1,2,0,1,4,1,2,0,1,698964
142,5,2,34,0,9,1,1,1,0,2,3,4,0.021202759971953884,4,3,1,2,0,0,1,4,1,1,0,106798
64,2,2,0,0,5,0,1,1,0,2,2,2,0.05495413455288867,4,1,1,1,1,1,4,1,4,0,1,608377
156,1,3,23,0,0,0,2,0,0,3,2,2,0.06193002022676197,4,2,0,2,0,0,2,1,4,1,0,559319
121,3,2,35,3,13,0,3,0,0,2,3,4,0.07123195961151221,1,2,0,2,0,0,3,4,4,0,1,701448
238,3,2,5,3,7,0,3,1,1,1,1,1,0.028409926002963822,4,1,1,0,0,0,1,2,2,1,1,177751
70,1,3,40,2,18,0,4,1,0,1,2,2,0.052650988938608104,4,4,1,0,1,0,2,1,4,0,1,282482
152,5,1,45,0,13,1,3,1,0,1,3,4,0.02048048844042697,3,1,0,2,0,1,3,4,4,0,1,403032
171,1,1,43,3,9,0,3,1,1,3,2,3,0.02570561886264377,1,1,1,1,0,1,2,1,1,1,1,411191
260,2,1,30,2,16,0,3,1,1,1,4,1,0.023252704652359586,2,4,0,2,1,0,1,3,3,1,0,471784
264,1,3,19,0,8,0,3,1,1,3,1,3,0.06352868204092922,2,4,1,1,0,1,3,3,4,0,1,464758
124,3,2,23,1,5,0,4,0,1,3,1,2,0.02486357383265619,2,4,0,0,0,0,4,3,1,0,0,145955
252,1,3,24,0,10,1,2,1,0,1,4,1,0.0629871788935274,1,2,0,1,0,1,2,3,1,0,0,343465
137,5,3,35,0,6,0,1,1,0,2,4,4,0.034977482264635,2,1,0,2,1,0,1,2,4,1,1,789224
166,4,2,20,3,16,1,3,1,1,4,2,2,0.07266277764181636,1,3,0,2,0,1,4,3,3,1,0,572334
149,1,1,29,2,0,1,2,1,1,3,4,4,0.06878899930182884,3,4,1,2,0,1,1,4,2,1,1,709778
153,5,1,23,2,4,1,3,1,0,1,1,1,0.07746981304851659,3,4,0,2,1,0,2,1,3,1,1,401409
201,5,3,43,3,8,0,3,1,0,3,4,3,0.07302572092748191,1,1,1,2,1,0,1,4,4,0,1,670601
180,3,1,41,0,17,1,1,0,0,2,3,2,0.07599976514698083,2,3,0,1,1,0,3,3,3,1,0,144350
199,5,3,29,1,1,0,1,0,0,2,3,2,0.07152454379079846,1,1,0,2,0,0,1,2,1,1,1,246450
102,5,3,21,0,10,0,1,0,0,1,2,4,0.06160291403689132,1,1,1,0,1,0,2,3,1,1,0,995600
51,5,2,27,0,5,0,3,0,1,3,1,1,0.030215549127526158,4,4,1,2,1,1,3,3,3,1,1,349406
137,5,2,6,1,7,0,3,0,1,4,3,4,0.036302451131245576,1,4,1,1,1,0,1,2,2,1,1,872467
285,2,2,34,3,3,0,3,0,1,4,4,1,0.032763617967816384,4,2,0,2,0,1,1,2,3,0,0,300887
207,2,3,27,2,17,1,1,1,1,3,3,2,0.05621514725949234,3,3,0,2,1,0,3,2,4,1,0,914356
87,3,2,13,3,10,1,4,1,0,3,3,1,0.05021719627841609,4,3,1,1,1,1,4,2,2,0,0,969025
179,1,1,9,3,4,0,2,1,1,3,2,2,0.07202479982950542,1,4,0,2,1,1,4,2,3,1,0,107312
241,5,1,15,0,14,1,4,1,0,1,4,1,0.07716037198994453,3,4,1,1,1,0,3,2,3,1,0,916785
237,1,3,15,2,17,0,3,1,0,2,4,3,0.044291593377088656,4,4,0,2,1,0,1,1,2,1,0,213744
70,1,3,30,2,1,1,3,1,0,4,4,1,0.05038103319684874,1,3,0,0,0,1,4,3,3,1,1,331745
210,3,2,41,3,10,1,4,0,0,1,2,3,0.07829098140824835,3,2,0,2,0,1,3,3,4,0,0,317522
253,5,3,24,1,12,1,3,1,0,3,4,1,0.036574336497388615,4,3,1,1,1,0,2,2,1,0,1,378336
107,5,3,12,3,3,1,2,0,0,3,4,1,0.06754344652152881,1,4,0,0,1,1,1,4,4,1,1,772810
71,4,1,5,1,6,1,3,0,0,2,3,4,0.03351439414011478,1,4,1,1,1,1,2,2,3,0,1,760792
285,1,1,43,2,10,0,2,1,1,3,3,4,0.06088760692551631,2,2,1,2,0,1,1,1,1,0,1,288297
138,1,2,8,3,3,0,4,1,0,1,4,2,0.03521693765831385,2,1,0,0,0,1,4,4,2,1,1,982980
98,2,3,44,0,14,1,4,1,1,1,1,4,0.07302400332988321,4,1,1,1,0,1,2,1,4,0,0,198991
268,4,3,35,3,0,0,3,1,1,2,1,1,0.05368867662420061,4,3,1,0,0,1,2,4,2,0,1,178711
108,2,1,42,2,2,1,2,1,0,1,4,4,0.031156018452463075,4,1,0,0,1,0,3,4,1,1,1,820964
219,2,3,19,0,13,0,3,1,0,4,1,1,0.03346215054190916,1,1,1,1,1,0,4,2,3,1,1,765655
269,2,1,17,0,5,1,1,1,1,1,2,3,0.04963095174248602,4,3,1,0,1,0,4,1,1,0,0,106774
237,3,2,42,1,17,1,1,0,1,1,3,1,0.07769612153449273,1,4,0,1,1,0,1,4,1,1,0,739395
257,3,1,20,0,0,1,1,1,1,1,2,2,0.06617852983301926,4,1,0,0,0,1,3,1,2,1,0,767550
64,2,3,3,0,5,0,1,1,1,4,3,3,0.04929857856955071,1,4,0,0,1,0,3,2,4,1,0,524502
239,4,2,49,3,5,0,3,0,0,3,1,2,0.040263148673733026,1,3,1,0,0,1,1,2,1,0,1,831685
239,1,1,32,2,15,1,1,1,0,1,1,2,0.05295610960090656,2,4,1,2,0,1,2,2,3,1,0,328552
224,4,1,26,1,4,1,2,1,0,2,4,2,0.06490165000571718,3,4,0,2,1,0,1,2,1,1,1,696715
239,5,2,6,3,16,0,4,0,1,4,1,4,0.067035715307168,1,3,1,1,0,0,1,3,2,0,0,187513
100,3,2,5,0,9,0,4,1,0,2,1,2,0.03947652788581668,4,4,0,0,0,1,1,4,4,0,0,426158
157,1,1,14,0,17,0,1,1,1,1,4,3,0.06326955609283264,2,1,0,1,1,0,3,3,3,0,0,851247
104,1,3,17,1,6,0,1,1,0,2,4,1,0.059467326802171164,4,1,0,2,0,0,1,2,2,0,0,306924
293,5,1,31,2,2,0,1,1,1,1,3,2,0.07754673751977763,4,1,1,2,0,1,1,4,1,0,1,941688
113,5,2,10,1,12,1,3,1,0,4,1,3,0.07586541743048089,1,1,1,2,1,1,1,4,1,1,0,883837
298,2,1,19,3,14,0,4,1,0,2,3,2,0.06736275953621462,1,4,0,2,0,1,4,1,4,0,1,873940
180,3,2,23,1,19,1,1,0,1,2,3,1,0.0634036813312957,3,1,0,1,0,1,2,2,2,1,1,723031
278,3,2,14,0,18,1,2,1,1,1,2,3,0.03644249538225655,1,4,1,0,1,1,2,3,2,0,1,289702
100,4,3,47,3,2,0,1,1,1,1,1,3,0.070757915365912,1,2,0,1,0,1,2,1,4,1,1,346968
184,2,2,6,0,3,0,4,0,1,3,1,1,0.04565034222280197,3,4,1,0,1,0,2,4,3,1,1,977622
70,2,2,20,2,4,1,1,0,1,1,2,3,0.036334432550362686,4,1,0,2,0,0,3,3,2,0,1,938147
122,2,3,41,0,0,0,4,1,0,1,3,1,0.04304964547720775,3,2,0,0,0,0,3,2,4,0,1,107466
216,2,2,25,0,3,1,1,0,1,3,1,3,0.07015612940099047,3,3,1,2,1,1,1,3,2,0,0,881863
67,3,3,43,1,11,0,2,1,0,1,3,3,0.0289179929346731,3,4,1,1,1,1,3,3,4,0,1,904069
181,3,3,13,0,9,0,1,1,0,1,2,1,0.047369524467189346,2,1,1,0,0,0,2,3,1,0,0,492568
138,2,2,36,3,19,0,2,0,0,3,4,1,0.04954145567176938,4,1,1,1,1,0,4,1,1,0,0,168745
109,4,2,20,3,12,1,2,1,0,4,3,3,0.022197781855929164,2,1,1,2,0,0,1,4,2,1,1,660605
63,1,1,17,2,13,0,1,1,0,4,1,3,0.03174476177288992,2,3,0,1,1,1,1,3,2,1,1,805126
291,1,3,4,3,4,1,2,0,1,1,4,1,0.06960454571455138,1,2,0,2,0,0,2,4,1,1,0,234150
299,4,1,2,1,3,0,3,0,1,1,3,4,0.06984604331568564,3,2,1,2,0,0,2,1,3,1,0,857154
58,2,2,22,2,13,1,1,0,0,3,3,1,0.03754490503305488,3,1,1,2,0,0,2,2,4,1,1,627831
139,3,1,25,3,9,0,1,0,0,3,4,3,0.07249383407587558,2,4,0,1,0,1,3,2,3,0,1,484934
102,1,3,36,1,16,1,2,1,1,4,4,3,0.06630697634410086,1,1,0,1,0,0,1,3,3,0,0,587843
179,5,1,23,3,9,1,2,0,1,2,4,3,0.04507444902772456,1,1,1,0,1,0,2,1,3,1,0,151052
133,5,3,48,3,6,1,1,0,0,1,1,1,0.06490438066430226,1,4,1,0,1,1,4,2,1,1,1,646352
141,4,2,18,0,15,1,3,0,1,2,1,3,0.07768007787168837,4,1,0,1,0,1,1,1,2,0,0,696575
160,2,2,24,3,0,1,2,0,1,2,3,4,0.047538183083920924,2,3,1,1,0,1,1,1,3,0,0,704730
237,1,3,20,3,16,1,2,0,1,3,3,2,0.03430563073720902,4,1,0,1,1,1,3,3,1,0,1,744838
248,2,2,11,1,8,0,4,1,0,1,2,4,0.07650899000300934,1,3,0,1,1,1,1,3,4,0,0,576848
221,1,2,40,1,5,1,3,0,1,1,1,1,0.05622465731379539,1,1,1,2,1,0,2,1,2,1,1,114425
57,4,2,32,0,18,1,3,1,0,3,3,3,0.026315909748825517,1,2,0,2,1,0,2,1,4,1,1,413625
224,4,2,49,3,12,1,1,0,0,2,4,1,0.05436096895140137,3,4,0,2,1,1,4,3,3,0,1,177347
84,5,3,3,0,2,0,3,0,0,3,4,2,0.05003485336689792,2,2,0,1,0,1,1,1,2,0,0,576330
255,2,1,41,3,6,0,1,0,0,4,1,1,0.0713353336445338,3,1,1,2,0,1,1,3,3,1,1,696605
130,5,1,6,2,8,0,4,0,0,1,4,3,0.051841711385811284,4,1,0,2,1,1,3,4,2,1,0,616066
213,2,2,21,2,4,1,3,0,1,4,2,2,0.035313946060657006,3,3,1,0,1,0,2,1,3,1,1,580042
99,5,1,32,0,9,0,2,0,0,3,3,2,0.06053864383189331,2,1,0,0,1,0,4,3,4,0,1,150530
153,3,1,16,0,16,0,4,0,0,1,3,3,0.05255452715213481,3,1,0,2,1,1,2,1,4,1,0,443243
181,3,2,23,0,11,1,1,0,0,4,3,3,0.03398267769601235,1,1,0,2,1,1,1,3,3,0,0,388032
51,3,2,33,1,15,1,4,1,1,4,1,3,0.054417671476574475,4,2,0,2,1,1,1,1,2,0,0,782851
183,3,1,27,1,2,0,1,0,1,2,4,1,0.06929213467338116,4,3,0,1,1,1,4,2,4,0,1,608653
103,1,3,42,1,8,1,4,1,1,1,2,4,0.021714255063440626,1,2,1,0,1,0,1,2,2,1,0,777036
155,3,2,40,0,14,1,1,0,1,4,1,1,0.05785106231870671,1,3,1,0,1,1,4,1,2,1,1,427980
53,4,3,38,3,4,1,3,1,1,4,3,1,0.040975111747063524,1,2,0,0,0,1,4,2,4,0,0,268535
103,4,1,21,2,12,1,2,0,1,2,2,4,0.03756028674556545,2,1,1,2,1,0,2,1,1,1,1,996910
270,1,2,48,0,13,0,1,0,1,4,3,3,0.04355526502166668,3,2,1,1,1,1,4,1,1,0,1,935422
240,3,3,16,1,19,1,4,0,0,4,3,3,0.0405213598548789,4,2,0,0,0,0,1,4,2,1,1,710832
195,3,2,33,1,14,0,1,1,0,4,1,4,0.0699343464025065,3,3,1,0,0,1,3,4,4,0,1,687915
267,3,1,5,0,15,0,1,1,1,2,3,4,0.036487868646074034,1,3,1,1,0,1,3,2,1,0,0,513437
93,5,3,45,0,12,0,1,1,0,4,2,1,0.06398918138639512,1,2,1,2,1,0,1,4,3,1,0,870325
211,2,1,5,1,16,0,4,1,0,4,3,2,0.025643589213715325,3,3,1,2,1,1,3,4,2,1,1,850230
251,5,1,33,3,7,1,2,0,1,1,4,4,0.07708378234906493,4,3,0,0,1,0,3,1,1,0,1,602270
239,2,2,0,1,1,1,3,0,0,1,3,1,0.057338998234913105,2,3,1,0,1,0,4,3,4,1,0,228345
277,3,3,9,1,4,1,2,0,0,2,1,2,0.0624031146226736,3,4,0,1,0,0,3,1,4,0,0,579053
63,3,1,20,0,5,0,1,1,1,3,2,3,0.03788235992566706,1,3,0,0,1,1,3,4,2,0,0,697131
144,5,1,4,3,11,0,4,0,0,1,1,3,0.04472579412248688,1,4,1,1,1,1,3,1,4,0,0,129251
97,5,3,1,1,17,0,2,1,1,2,4,1,0.03342670317625857,2,4,0,0,0,0,2,2,3,0,0,539802
64,2,1,21,1,0,1,1,1,1,4,3,1,0.07595216514813344,3,3,1,0,1,1,1,3,3,0,0,855053
249,4,1,47,2,16,0,3,1,0,4,1,4,0.049286266826082656,2,2,0,0,1,1,4,4,1,0,1,698706
255,2,3,1,0,10,1,3,1,0,2,1,3,0.05782688693947939,2,3,1,2,1,1,3,4,4,0,0,939052
264,5,3,9,2,9,1,3,1,0,4,1,1,0.06405632183184293,4,1,1,1,1,0,1,1,3,0,0,634328
298,5,3,33,2,18,1,1,0,1,4,1,3,0.04226636546597234,4,2,0,1,0,0,3,1,2,1,1,276950
239,1,3,15,1,13,1,4,1,1,3,4,3,0.06320609927234846,1,4,1,2,0,1,2,1,4,1,0,499185
89,5,2,47,0,9,0,2,1,1,4,4,4,0.06055954938538041,3,4,1,2,0,0,2,1,1,0,0,113162
262,1,3,38,3,14,1,3,0,0,1,3,2,0.06233956003243679,4,2,1,2,0,1,3,4,2,0,0,689723
257,4,2,21,1,18,0,1,1,0,4,3,4,0.04935379401227677,1,2,1,1,1,1,3,1,2,0,1,361989
286,2,2,11,3,3,1,1,1,1,2,2,1,0.04297624293749702,3,3,0,0,1,1,3,4,2,1,0,742792
131,2,2,23,3,1,0,2,0,0,3,4,4,0.03332493129253939,1,4,0,2,1,0,2,1,3,0,1,436811
160,1,1,46,0,8,0,3,0,0,4,1,4,0.06947758116805357,4,1,0,2,0,0,2,3,2,0,0,490802
102,2,2,39,2,9,1,1,0,1,2,1,3,0.05650100279190072,1,3,1,2,0,1,1,3,3,0,1,629325
73,5,2,37,0,10,1,2,1,1,1,2,4,0.0466611317658497,3,2,0,0,0,0,4,1,2,1,0,422670
203,3,1,9,3,13,1,4,0,0,4,1,1,0.07663975440263668,3,4,1,0,1,1,4,1,3,1,0,974346
266,1,1,34,1,6,0,4,0,1,3,2,2,0.02287032875042233,1,2,1,2,1,0,2,2,4,1,0,245765
237,2,1,48,3,14,1,4,0,0,4,3,4,0.07101031671230286,3,2,1,0,0,0,4,3,3,0,1,619405
173,1,3,31,1,18,1,3,1,1,2,4,4,0.07985495557675834,1,2,0,2,0,0,3,4,3,0,0,978594
286,1,1,6,1,14,0,2,0,1,3,2,2,0.07321652665297204,3,3,0,0,1,1,1,3,4,1,0,159090
90,3,1,20,0,7,1,2,1,1,4,1,1,0.06862619513693752,1,1,0,1,1,1,2,4,2,0,1,689848
206,5,2,19,3,10,0,1,1,0,1,2,1,0.04245835960437948,1,1,0,1,1,1,2,1,4,1,1,499178
64,1,1,25,2,8,1,1,0,0,3,3,4,0.03387885093573761,1,4,1,0,0,0,4,3,2,1,1,590167
94,2,3,3,3,14,0,1,1,1,1,1,3,0.06409103122997606,2,2,0,1,0,1,3,3,3,0,0,451696
114,4,1,45,3,0,0,2,1,1,2,3,4,0.038274521977314103,3,1,0,1,0,1,1,2,2,0,1,378588
138,1,3,21,2,0,1,1,0,1,4,3,2,0.030562380929298243,4,2,0,1,0,1,4,2,3,0,0,402587
120,1,1,14,0,18,0,2,1,0,1,2,2,0.06719155322621548,1,4,0,2,1,1,2,3,2,0,1,771866
58,3,1,39,3,2,1,2,0,1,2,3,2,0.03875261913420333,2,2,1,0,1,0,2,3,3,1,1,531600
137,5,1,20,3,9,1,4,1,1,4,1,4,0.0748665037692403,4,1,0,0,1,0,4,3,3,1,0,609090
178,4,1,14,1,7,0,1,1,1,2,3,4,0.07043795868914751,1,2,0,0,0,1,3,4,1,1,0,459373
285,2,3,21,3,14,1,4,0,1,1,3,1,0.0708584197705553,4,1,0,1,1,0,1,1,2,1,0,474458
185,4,3,27,2,9,0,3,0,0,2,2,3,0.06629418356334957,2,4,1,2,1,0,1,2,2,1,0,613062
265,2,2,13,1,0,0,3,1,0,3,3,4,0.0728528854264842,4,2,0,0,1,0,1,1,1,1,1,648536
112,5,3,26,0,17,0,3,1,1,4,4,1,0.0683448135306872,1,1,0,1,1,0,1,2,3,0,1,539378
188,2,1,40,1,1,0,2,0,0,2,2,4,0.056150681814483724,4,4,0,2,1,0,3,2,3,1,1,798050
292,3,2,39,2,18,0,2,1,0,1,2,1,0.03774936311491179,4,2,1,2,0,1,2,2,1,0,0,489665
130,3,2,27,2,12,0,2,1,0,4,1,1,0.07329255159284893,1,4,1,0,1,0,2,3,1,0,0,868112
185,3,2,25,1,0,0,1,1,1,3,1,3,0.07043621736639151,2,1,0,0,1,1,1,2,4,1,1,168008
212,3,1,48,0,1,0,4,1,0,4,1,4,0.0483727593326327,2,2,0,1,0,1,1,1,3,1,1,946741
212,4,3,1,1,15,1,2,0,0,3,1,1,0.022344721160117313,4,2,1,0,0,1,1,2,4,0,0,143237
82,5,1,24,0,14,1,4,0,0,4,4,2,0.05831262364411481,3,2,1,1,1,0,4,1,2,0,1,370248
172,2,2,2,1,12,0,4,0,1,2,2,2,0.023035811220594903,4,4,1,2,1,0,4,2,4,1,1,707518
54,2,1,7,2,15,1,4,0,1,2,3,2,0.07557679771090443,3,4,1,2,1,0,2,2,1,1,1,452410
283,3,1,43,3,16,1,1,0,0,1,1,3,0.07769787539751842,4,1,1,2,1,0,2,3,1,0,0,659268
280,3,3,32,3,6,1,1,0,0,3,1,1,0.03136940875397625,2,3,0,2,0,1,1,1,1,1,1,885345
299,1,3,41,0,16,1,3,1,1,1,1,3,0.06058336268329459,4,2,0,0,1,1,4,2,1,1,0,699278
90,5,2,34,0,6,1,3,0,1,2,3,4,0.025536140273765766,4,2,0,0,0,1,3,2,4,1,1,270632
77,4,1,5,0,12,1,4,1,0,3,1,4,0.06377101571438733,3,1,0,1,1,0,4,1,4,1,0,371698
184,2,1,38,2,4,0,3,1,0,1,3,1,0.040837259969160475,2,2,1,1,1,1,2,2,4,1,1,977481
250,1,3,22,1,16,1,4,1,1,1,2,2,0.060863006703826716,3,4,1,1,1,1,4,4,1,0,1,600223
121,1,1,24,2,2,1,1,0,1,1,2,1,0.04237259055213067,4,4,1,1,0,1,2,3,1,1,1,277059
61,2,1,49,3,6,1,1,1,0,1,2,1,0.028734050589994144,1,2,1,1,1,0,1,1,3,1,0,786345
211,4,1,42,0,16,1,1,0,1,1,4,1,0.04436659883015347,4,2,1,2,1,1,3,3,3,0,1,148167
82,1,3,18,1,6,0,2,1,0,3,3,3,0.0267604115980874,4,4,0,2,0,1,1,4,1,0,1,347605
97,1,2,4,3,0,0,4,1,0,1,1,4,0.05461299649861674,3,2,0,2,1,0,1,4,3,1,0,795788
296,5,2,10,3,16,0,1,0,0,3,1,1,0.022457091928968786,1,4,0,1,0,1,3,4,2,1,0,429382
200,4,1,11,3,16,0,4,1,1,1,1,1,0.05163918077599158,1,3,0,2,1,0,3,1,2,0,1,346150
111,1,2,9,2,10,1,3,1,0,2,1,1,0.07318211882573245,3,3,0,2,0,1,3,4,1,1,1,818083
265,4,3,7,0,2,0,3,1,0,2,4,3,0.07027239620716176,2,2,1,2,0,0,2,1,4,1,1,117038
86,2,3,23,3,14,0,1,1,1,1,1,3,0.0729669019775898,1,2,1,2,0,0,1,1,2,1,1,515435
148,3,2,27,0,10,0,4,0,1,4,4,3,0.07532292812762643,1,2,1,0,1,0,2,2,2,0,1,913829
221,1,2,40,2,15,0,1,1,0,2,3,1,0.026271673272541655,3,4,1,1,0,1,3,1,4,1,0,174491
153,5,1,35,3,8,1,3,1,0,3,2,2,0.027724832172542783,2,3,1,1,0,1,2,4,3,1,1,653890
263,2,2,36,2,0,0,1,0,1,1,1,2,0.05342040837878771,2,3,0,0,1,0,3,1,4,0,0,678759
268,4,1,20,2,15,1,4,1,1,3,2,2,0.07363836010546575,4,1,0,2,0,0,4,1,3,1,0,817510
84,2,1,7,0,8,0,3,1,1,4,3,4,0.07846096739144184,4,1,0,2,1,0,3,3,3,1,1,983513
242,1,3,8,3,18,1,2,1,0,1,3,1,0.022775715040399998,3,2,1,2,1,0,1,4,4,1,0,647404
276,4,3,46,2,11,1,3,1,0,2,1,2,0.041346445052039604,2,4,1,1,0,0,1,1,3,1,1,368818
150,3,3,14,3,18,0,2,0,0,3,3,2,0.032773655279599606,3,2,1,1,0,0,1,2,2,0,0,510685
224,2,3,47,0,8,0,1,1,1,2,2,2,0.06535795093587489,4,3,1,1,1,0,2,1,1,0,0,367590
255,1,2,45,2,6,0,1,0,0,2,1,1,0.05841163211222192,3,2,0,1,0,0,1,1,3,1,1,224809
180,5,3,39,0,13,0,4,1,1,1,4,2,0.027193281889030724,3,2,1,1,0,0,3,3,2,1,1,907192
50,4,2,17,3,18,1,2,1,0,3,1,2,0.049011324041898285,1,3,0,0,0,0,4,4,4,1,0,626251
54,2,3,41,3,18,1,1,1,1,4,2,1,0.06112643134227748,1,3,1,1,0,0,1,4,3,1,1,470425
267,2,2,19,0,1,0,2,0,0,2,1,4,0.06674032363544226,1,3,0,2,1,0,2,2,2,0,1,831362
296,3,1,5,1,8,0,1,1,0,1,1,3,0.02120316258704051,4,3,1,1,1,1,4,2,3,0,0,782622
191,3,2,11,2,12,1,3,1,1,1,2,2,0.07342817443903339,3,1,1,0,0,0,1,2,4,0,0,629465
152,5,2,1,3,14,0,1,0,1,4,1,3,0.05415688297703146,1,4,0,2,1,1,1,1,1,1,0,111160
76,5,3,6,3,2,1,4,0,0,1,1,4,0.06871454689759428,1,4,0,0,0,1,4,1,3,1,1,465020
186,1,2,15,2,10,0,3,0,1,2,2,4,0.068476281800857,1,3,1,2,0,1,1,2,1,1,1,107543
256,1,1,2,0,13,1,4,0,1,1,3,2,0.03139115961625815,4,4,0,1,0,0,2,4,3,0,1,993643
64,5,1,44,0,7,1,3,1,0,3,2,1,0.026610327215217985,4,4,1,0,0,1,3,4,3,0,0,663566
139,5,3,2,0,17,1,2,1,1,3,1,4,0.0632772361384296,3,4,1,2,1,0,3,2,4,0,1,841195
91,4,1,26,1,18,1,4,1,0,2,4,3,0.029385615129297146,3,4,0,1,0,1,4,3,3,0,0,248293
173,3,2,49,1,15,1,1,1,0,3,4,3,0.07099624948428342,3,3,1,2,1,0,3,4,2,0,0,496539
254,1,1,42,3,1,0,2,0,1,4,2,3,0.0635713690317263,1,2,1,0,0,0,1,4,2,1,0,938537
228,3,3,39,0,7,1,1,1,1,1,4,3,0.07050952186191575,2,2,0,0,1,1,1,2,1,1,0,338913
112,3,2,37,2,5,0,3,1,0,2,1,4,0.037940760776560764,4,2,1,0,1,1,2,4,1,1,0,438295
145,5,3,32,3,11,1,3,1,0,4,1,2,0.038995883624634145,1,1,1,0,1,0,3,1,2,0,0,880268
280,4,2,27,2,14,1,1,1,0,1,2,2,0.06027329338077905,1,4,1,1,1,1,4,1,1,1,0,429112
290,2,1,0,3,7,0,1,0,0,4,1,3,0.02188675730353685,3,3,1,2,0,0,1,4,1,1,1,861319
101,4,3,7,1,3,0,2,1,0,2,3,2,0.06358980478024535,3,3,0,1,1,0,4,1,2,0,0,950262
145,4,3,36,3,14,0,1,1,0,2,1,3,0.07014698425127608,1,1,0,0,0,0,1,3,2,0,1,960399
181,3,2,31,1,19,0,4,1,1,4,2,3,0.04490981519624624,4,3,0,2,1,1,1,4,2,0,1,239402
271,4,3,47,3,16,1,4,0,1,1,3,1,0.06589272980530812,4,2,1,0,1,0,2,2,4,1,1,275225
278,1,2,42,0,12,0,1,0,1,3,3,4,0.030476655018935716,1,1,0,1,1,0,3,1,4,0,1,895043
200,3,2,36,2,17,1,4,1,0,3,4,4,0.03933562362916908,2,3,0,1,0,0,2,3,2,1,1,376016
280,1,2,3,0,1,0,1,1,1,4,1,3,0.07845829778662865,2,1,0,1,1,0,3,3,3,1,0,935887
286,2,2,29,3,12,0,2,1,0,2,2,4,0.07917969041360758,4,1,1,2,0,1,4,1,2,0,1,921362
192,3,1,5,3,12,1,4,0,0,1,4,2,0.05075630318129528,3,3,0,2,0,1,3,3,4,1,1,958454
220,2,2,45,3,14,1,4,1,1,1,4,3,0.07605618748783262,2,2,0,0,0,1,4,4,1,0,1,162714
78,3,3,18,1,19,0,1,1,0,2,1,1,0.05136384068341128,2,3,1,2,1,1,1,3,3,0,0,749194
85,5,1,31,2,9,1,4,1,0,3,1,2,0.037495287689669435,3,4,1,2,1,0,4,1,3,1,1,470866
62,4,3,8,2,2,1,3,0,0,1,2,1,0.03601395728592631,2,4,1,1,1,0,4,3,1,1,1,953136
209,5,1,11,3,18,1,2,1,0,4,4,1,0.07577034232208893,1,3,1,0,1,0,1,1,3,1,1,100415
120,2,2,10,3,2,1,2,1,0,3,2,4,0.03034678333843155,2,2,1,1,1,0,4,1,1,0,1,700729
236,4,1,45,1,13,1,4,0,0,4,4,4,0.0547779474921091,3,4,1,0,1,0,4,3,4,1,0,736024
292,3,1,15,0,7,1,4,0,1,3,4,3,0.05333150408376318,1,4,0,0,1,0,1,1,3,0,1,695067
135,4,3,0,0,3,1,3,1,0,2,4,4,0.06437730107917969,2,3,0,2,0,1,1,1,3,0,0,847916
77,1,3,44,2,19,1,3,0,0,4,1,1,0.04995457445148649,4,3,1,1,1,0,1,2,1,1,0,974876
115,4,2,20,1,10,0,4,1,0,4,4,1,0.03633713964248805,1,3,1,2,0,0,3,4,1,1,1,204448
219,1,1,29,3,10,1,4,0,0,2,4,2,0.030163789977894713,1,1,0,2,0,0,1,1,4,1,1,372032
94,4,1,12,2,10,0,3,0,1,4,4,1,0.05724912821035351,4,1,1,2,1,1,1,4,1,1,0,276371
111,1,1,33,1,1,1,1,1,1,3,3,3,0.06313944541119398,4,1,1,0,1,0,4,2,1,0,1,224790
234,2,2,3,0,16,1,3,1,0,1,1,3,0.05417127672092195,2,3,0,1,0,0,2,2,4,1,1,683053
294,5,2,27,1,8,1,1,1,0,1,3,4,0.06430107662727168,2,2,1,1,0,0,2,2,2,0,1,293786
183,3,2,37,0,1,1,2,0,0,2,1,4,0.028491272146997607,3,4,1,2,1,1,3,2,2,1,0,115935
77,4,2,30,1,14,0,2,1,1,3,2,4,0.07294821169658813,3,1,0,0,0,0,3,4,1,1,0,959434
77,5,2,26,2,15,0,3,1,1,4,3,3,0.05494373050451018,1,2,0,1,0,0,2,3,4,1,1,442775
157,3,3,4,0,3,1,1,1,1,4,2,1,0.02761063561355583,4,3,0,1,0,1,2,3,2,0,1,625608
93,3,1,24,2,7,0,3,1,1,1,4,4,0.047715512252344106,4,1,0,2,0,0,1,4,4,1,0,408176
133,1,1,2,2,8,1,3,1,0,4,2,2,0.07068750427195468,3,3,0,0,1,1,4,1,1,0,0,702051
79,2,1,32,0,4,1,1,0,1,1,2,4,0.07385373160718961,1,2,1,2,1,0,1,4,1,1,0,400146
239,2,1,3,0,15,0,3,1,1,2,2,3,0.03587897029992569,1,1,1,1,0,1,3,1,4,1,0,538054
124,5,1,24,3,12,0,2,1,0,4,2,4,0.06267594948262718,3,1,1,0,0,0,2,1,3,0,0,663200
177,2,1,19,3,6,1,4,0,0,3,1,1,0.025999114849026603,3,1,1,2,0,0,3,3,1,0,0,362696
299,4,1,33,3,19,1,4,1,1,4,3,4,0.02201275228472947,3,1,1,1,1,1,1,2,1,1,0,644428
296,2,1,25,2,16,0,3,1,1,1,1,3,0.05362393722919656,2,2,0,2,1,0,3,3,1,1,1,185591
141,5,3,4,2,2,1,1,1,1,2,1,3,0.061689654759687546,1,1,1,2,0,0,3,3,1,0,0,279809
266,2,1,34,3,4,0,1,1,1,1,1,2,0.06774720387059012,1,4,1,2,0,1,4,4,4,1,0,657655
280,4,3,27,2,18,1,2,1,0,4,2,3,0.040412974307320076,1,4,1,0,0,0,3,4,4,0,1,311706
239,1,2,28,2,11,1,1,0,0,1,1,2,0.02039152462573322,3,3,1,1,1,1,1,1,4,1,1,648349
274,5,1,8,0,6,0,1,0,1,1,3,1,0.048771154226681226,3,1,1,1,0,0,4,4,4,0,1,458734
178,1,2,37,0,8,0,2,0,1,2,1,3,0.020951212722414018,3,4,0,1,0,1,3,1,3,0,0,928556
170,1,2,49,2,5,0,3,1,1,3,4,4,0.025519070640248,3,4,1,1,0,0,1,1,4,0,0,584331
76,1,2,5,3,16,1,4,0,1,4,2,1,0.039601341351904906,4,4,1,0,0,0,2,2,4,0,1,495198
239,3,3,18,1,15,1,2,1,1,2,4,4,0.04623032297361063,3,2,1,2,0,1,4,2,1,0,1,992566
170,3,2,43,3,2,1,3,1,0,3,3,4,0.03676816647377891,2,1,1,1,1,0,3,3,3,1,1,922197
165,1,2,10,1,3,1,2,1,0,1,3,4,0.05491191599028247,4,2,1,0,1,1,3,2,1,1,0,444750
254,5,2,1,3,9,0,3,0,0,3,3,1,0.02332098735308571,4,2,1,2,1,1,4,1,3,1,1,982854
282,4,1,46,0,4,1,2,0,1,1,3,1,0.02867478261437508,3,4,0,0,0,1,1,4,2,1,0,734198
52,4,1,43,2,9,1,3,0,1,1,1,3,0.06171550404532601,1,4,1,0,1,0,3,2,3,1,0,941113
152,2,3,43,2,11,1,2,1,0,2,2,4,0.028528451215875064,3,3,0,1,0,0,1,2,3,1,0,948781
247,5,3,8,0,9,0,3,0,0,1,3,2,0.05838651209422535,1,1,0,1,1,0,4,2,1,1,0,724351
249,3,1,20,1,12,1,2,1,1,2,4,3,0.023281077245201932,3,1,1,2,1,1,3,2,3,1,1,163474
204,1,3,23,1,10,1,4,0,0,3,3,1,0.04444293674714842,3,4,1,2,0,1,2,1,3,1,1,784873
186,2,1,33,1,15,0,4,0,1,3,2,2,0.03064456820727094,1,4,1,1,0,1,2,1,1,0,1,909024
111,4,2,21,0,7,1,1,1,1,1,4,1,0.026578176952111184,1,1,0,0,0,0,2,3,2,0,0,474340
214,3,2,2,1,7,1,3,1,0,2,4,2,0.054021967010073654,1,3,1,1,1,1,4,4,2,1,1,910050
274,3,3,11,0,7,0,2,0,0,1,4,3,0.07570014632033731,1,4,1,2,0,0,3,3,2,0,0,151632
100,1,1,27,3,12,1,3,0,0,2,1,2,0.02328722287541293,2,3,1,0,1,0,4,3,3,1,0,508625
283,4,1,29,3,1,1,4,0,1,2,3,3,0.04529325489308206,1,2,0,0,1,0,3,2,1,0,0,109529
221,5,3,25,0,11,1,3,1,1,2,1,1,0.062452126264726626,3,4,0,0,1,0,2,4,2,0,1,648442
201,3,1,47,2,9,0,2,1,0,3,4,2,0.04776126990126962,3,2,1,1,0,0,2,2,2,0,0,132882
256,1,2,20,3,11,1,3,0,1,2,1,4,0.06838975676631472,2,4,0,1,0,0,1,1,2,1,0,669205
108,5,3,27,1,10,1,2,0,1,3,1,4,0.030778718951847903,1,2,1,2,0,0,4,3,2,1,1,706776
167,4,3,25,0,14,0,4,1,1,2,1,1,0.07757565230166442,3,4,0,0,1,0,4,4,1,1,1,639989
209,3,1,32,1,15,0,4,0,0,3,3,2,0.04310975766635243,2,3,1,0,1,1,1,1,2,1,1,306353
145,5,3,20,1,16,1,4,1,1,4,4,4,0.040494177976656505,3,3,0,1,0,0,2,3,3,0,0,845231
265,5,1,34,2,1,1,1,1,0,3,4,3,0.07247634767018996,2,3,1,2,1,0,2,4,3,1,0,692513
282,5,1,33,1,17,1,4,1,0,3,3,2,0.05383202191350599,2,2,1,2,1,1,4,3,1,0,1,807852
229,3,1,40,2,11,1,3,1,1,1,1,2,0.050986660514169294,4,3,0,0,1,1,3,4,4,1,0,102988
162,3,1,46,3,18,0,1,1,0,2,1,4,0.06361867517170586,4,2,0,1,0,1,2,3,2,0,0,135919
111,2,1,17,0,17,1,4,1,1,4,2,3,0.054790054296865426,1,4,0,0,1,1,1,2,2,0,1,603239
290,4,3,10,1,16,0,3,0,0,1,2,3,0.02975093868542692,4,2,0,1,1,0,1,3,3,0,1,803786
235,1,2,22,0,5,0,3,1,0,2,2,3,0.060451857371895776,2,4,0,2,0,1,1,3,1,0,1,807527
101,5,2,47,1,14,1,3,1,1,4,3,2,0.028008132756927706,3,1,1,0,0,1,4,4,4,1,1,109013
61,2,3,21,0,2,1,2,0,0,4,4,1,0.06835146232004372,3,1,1,0,0,1,4,4,3,1,1,532329
88,1,3,16,1,5,0,1,1,0,4,2,2,0.07938419586273626,1,1,0,0,0,1,4,2,4,0,1,758934
179,2,2,4,1,2,0,3,0,0,2,4,2,0.042643257498486575,4,2,1,2,0,0,4,4,1,1,1,853376
180,3,2,43,1,0,1,2,1,1,4,4,4,0.04668535389212075,1,1,1,0,0,1,1,3,1,1,1,107838
162,5,2,10,1,12,0,4,0,1,4,4,1,0.02278601932896874,2,1,0,2,1,1,1,4,1,0,0,131368
150,1,2,29,1,13,1,3,0,0,1,3,3,0.0208239912849547,4,1,1,1,1,1,4,4,3,1,0,656516
162,1,2,14,1,12,1,2,1,0,3,3,4,0.07528516009257966,1,4,1,2,1,1,4,4,1,1,0,347368
233,1,1,26,1,3,0,3,1,0,2,3,2,0.027717443626351524,3,3,0,1,1,0,1,2,3,1,0,408241
130,1,3,34,1,6,0,1,1,1,3,3,1,0.04674672485356822,3,2,0,2,0,1,4,2,3,0,0,286845
236,1,1,32,1,9,1,1,1,1,1,2,3,0.06892127743133368,1,1,1,2,1,1,4,1,2,1,0,508039
162,2,2,19,0,6,0,4,0,0,3,1,3,0.07335912559569917,1,4,0,0,0,1,4,2,3,0,0,778870
51,5,2,15,2,14,1,3,0,1,4,1,2,0.05116386111700806,1,3,1,2,0,0,4,2,3,0,0,229802
179,3,2,33,1,14,1,2,0,1,4,1,3,0.05390195149855699,2,3,0,0,1,1,2,2,2,0,0,924765
269,3,1,1,2,3,1,4,1,1,2,2,3,0.06018103834779635,2,3,0,1,1,1,4,3,4,1,0,366579
103,3,1,34,1,5,0,3,0,1,2,1,1,0.07768294820862291,3,4,0,1,0,0,1,1,2,1,0,924850
136,3,2,39,1,19,1,4,1,0,2,2,4,0.05616019765667031,2,1,0,0,0,1,1,3,2,1,1,157955
278,2,1,27,0,4,1,2,1,1,1,2,1,0.05356851556738078,2,3,1,1,0,0,1,2,1,0,0,421651
273,4,1,46,3,19,1,4,0,1,2,2,4,0.02087204811595944,4,4,0,2,0,0,1,2,1,1,1,151033
274,5,2,38,3,11,1,4,1,0,1,1,4,0.024856982121341364,2,4,0,0,1,1,4,1,2,0,0,841449
178,1,1,5,0,0,1,4,0,0,4,4,4,0.05463029759743977,4,2,1,0,0,1,2,1,1,1,1,959404
196,4,3,8,2,7,1,3,1,1,3,1,3,0.07617442326843218,2,4,1,0,1,0,3,4,2,0,0,726300
175,3,3,19,3,0,1,2,0,1,4,1,1,0.0720014809039637,3,3,1,1,0,0,3,2,1,1,1,147219
179,4,3,0,0,4,1,1,1,0,4,3,3,0.07895473537953228,1,3,1,1,0,1,3,2,3,1,0,789837
102,5,3,7,0,5,1,3,0,0,4,2,2,0.05167004225367644,3,4,0,2,0,0,3,3,1,1,1,582996
221,1,2,22,3,2,1,1,0,0,2,4,1,0.06727585630626601,2,3,1,2,1,0,1,4,1,0,0,798081
267,1,2,2,2,14,1,1,1,1,2,3,4,0.07042401988936042,1,4,0,0,0,1,4,2,3,0,1,298300
209,5,2,3,0,4,0,3,1,1,2,4,3,0.0588818994398517,1,3,1,2,1,0,4,3,2,1,0,508739
247,5,3,24,1,13,1,3,0,0,3,4,3,0.040324994252870436,1,2,0,1,1,0,3,1,1,0,1,656614
209,3,3,46,2,17,1,2,1,1,2,2,1,0.04819870607946766,4,1,1,2,1,0,3,3,1,0,1,474770
296,1,1,37,2,15,1,2,1,0,1,1,1,0.07147502433461406,3,2,0,1,0,0,2,2,3,0,1,273277
117,4,1,14,3,5,0,4,1,1,4,2,4,0.03791287555892984,4,2,0,2,1,0,2,3,3,1,1,953167
232,2,3,20,3,13,1,1,0,0,3,2,4,0.07542458787599891,1,1,1,1,1,0,2,3,3,1,1,466540
252,2,3,34,1,7,0,2,0,0,3,3,2,0.033788380485359905,3,3,0,1,0,1,1,4,4,1,1,116375
233,5,3,45,0,6,1,4,1,1,3,2,4,0.06497098490940684,3,1,0,2,0,0,4,4,3,0,1,233783
172,3,3,13,3,7,1,2,1,1,3,1,3,0.057833554060744294,2,4,0,2,1,1,1,1,2,1,1,371326
194,2,1,35,3,12,0,3,0,1,3,4,2,0.06497596646724574,4,1,0,1,1,1,1,4,1,0,0,717465
87,1,3,11,2,5,1,2,1,1,1,2,2,0.04624085434595569,4,2,1,0,0,1,4,3,1,0,0,719354
73,5,1,16,3,17,0,1,0,1,4,4,2,0.07595846375323907,2,1,0,2,1,1,2,4,4,1,0,974580
118,4,3,38,3,1,0,2,1,1,3,2,1,0.05794833214468864,4,3,0,1,1,1,4,2,1,1,1,534166
165,5,3,8,3,7,1,1,1,0,4,4,4,0.03729774827325538,1,2,1,2,1,1,3,3,1,1,1,990238
147,4,3,34,3,10,1,3,1,1,2,2,2,0.058307304239128624,1,4,1,2,0,1,2,3,2,0,0,243992
247,5,1,12,2,0,1,1,0,0,3,3,1,0.037208944832421875,4,3,1,2,1,1,4,3,1,0,0,646432
263,5,1,14,1,5,1,2,0,0,3,4,1,0.03761794350559245,2,2,0,2,0,0,1,2,2,1,1,220270
188,5,2,17,1,15,0,4,0,1,4,2,2,0.04397591069725207,3,4,0,2,0,1,4,3,4,0,1,839778
289,4,3,32,0,19,0,3,0,0,3,2,2,0.07114582505414714,4,3,1,0,0,1,2,4,2,1,0,757925
193,4,2,5,3,11,1,2,1,0,3,3,3,0.05001787246363952,3,4,0,0,1,1,3,2,3,1,1,188909
146,5,2,26,2,10,0,3,1,1,3,3,2,0.06073405053381245,2,1,1,0,0,0,1,3,3,1,0,547158
250,2,1,22,0,9,0,3,0,1,1,3,3,0.04351806441646778,3,1,0,1,1,1,3,4,4,1,1,301632
173,3,1,26,0,2,1,2,1,1,1,4,2,0.03581632638841289,2,4,1,0,0,0,3,4,1,1,0,754949
236,3,2,33,1,12,0,2,1,0,3,4,2,0.07727840964297387,2,1,0,0,1,1,1,1,2,1,0,395943
119,3,3,45,2,2,0,4,0,1,1,3,4,0.05621487482738376,1,4,1,1,1,1,4,4,3,0,1,559993
257,4,1,37,2,14,1,3,1,1,2,1,2,0.07603708031496309,1,3,0,0,1,0,4,4,2,0,0,134510
142,4,3,13,2,15,0,3,1,1,3,1,2,0.032204780131898904,2,2,1,2,0,1,3,1,3,1,1,597229
52,2,3,35,1,12,1,2,0,1,2,2,3,0.028813649834775967,4,4,0,0,1,0,4,1,2,1,1,187919
197,3,2,7,1,16,0,1,1,0,4,1,3,0.07134937442743422,1,2,0,0,1,0,2,2,1,0,1,213043
236,3,2,34,1,2,1,2,1,1,2,2,4,0.06085503275703509,2,2,0,0,0,1,3,4,4,0,1,832726
213,5,2,18,1,19,0,3,1,0,4,4,2,0.03119470995521848,3,4,1,2,0,1,3,2,1,1,1,522191
196,4,2,29,1,10,0,2,0,1,3,4,2,0.03616158203981226,3,1,0,2,1,0,3,2,2,1,0,415386
139,3,1,13,3,18,1,4,0,0,4,1,3,0.06803983649151867,4,3,0,2,0,0,2,3,3,0,1,146546
244,2,1,19,3,10,1,1,1,0,4,4,1,0.04723211719975616,3,2,0,2,0,1,3,2,3,1,1,585303
196,2,2,48,2,15,1,2,1,0,2,3,1,0.06023243039036545,3,3,1,1,0,1,4,2,4,0,0,778627
197,3,1,24,0,2,1,4,1,1,2,3,1,0.039101121328160654,2,2,0,2,1,1,4,2,1,1,1,580265
145,4,2,39,2,5,0,3,0,0,2,1,3,0.0428737971664926,3,4,1,2,0,0,4,2,1,0,0,956371
248,2,3,23,0,13,0,2,0,1,3,1,3,0.0794427535173863,3,1,0,2,1,1,4,1,1,1,1,891329
101,5,3,13,1,17,0,3,0,1,3,2,1,0.03485702523048311,3,3,1,2,0,0,3,4,3,1,0,231235
282,2,3,25,0,16,1,4,1,1,2,4,1,0.05038738262219084,3,2,1,1,0,1,2,3,4,1,1,332686
210,1,2,37,2,3,0,3,1,1,3,2,2,0.07066414059143193,2,4,0,0,1,0,1,1,3,0,1,414684
217,1,3,22,2,14,0,4,1,1,3,2,3,0.03435339281995148,3,4,1,0,0,0,4,3,1,1,1,576131
177,4,1,21,0,10,1,4,1,0,4,3,3,0.04491282540105984,4,2,1,2,0,1,1,3,2,0,1,344367
88,3,3,47,3,2,1,4,1,1,4,3,1,0.0569054772421993,1,2,0,2,0,0,1,1,3,0,1,916462
131,4,3,18,1,2,0,2,0,0,2,3,1,0.04887128908850615,4,2,1,2,0,0,3,2,4,0,0,155313
153,4,3,45,1,15,1,3,1,0,3,3,4,0.04757013599421905,1,1,1,0,1,0,4,1,1,0,0,129870
178,4,1,2,2,4,0,3,1,0,4,2,3,0.04175058387932742,4,2,1,0,1,0,4,3,2,1,1,224703
60,4,2,41,3,9,0,1,1,0,1,3,4,0.0551987796664955,1,2,1,2,1,0,4,3,3,1,0,522698
269,5,1,18,0,18,1,1,0,0,3,4,2,0.05746236187541662,1,1,0,0,1,1,1,2,2,1,1,419399
234,5,2,8,1,3,0,1,1,0,1,3,4,0.059197372454081756,1,4,1,1,1,1,4,1,2,0,1,978839
266,2,2,27,3,18,1,1,0,0,2,3,1,0.02422208647436176,1,2,1,2,1,0,4,4,4,1,1,742240
227,1,3,19,1,10,1,3,0,1,3,3,3,0.057862050542722934,2,3,0,2,1,1,2,3,3,0,0,558146
200,4,2,44,3,1,0,4,0,0,2,1,3,0.07719423072687397,4,4,0,1,0,0,3,1,4,0,1,543716
208,2,1,6,3,9,0,4,0,1,2,4,4,0.05245917413168502,1,3,1,1,1,0,4,2,1,0,0,884689
271,1,1,13,2,10,0,2,0,0,2,4,4,0.06291602495055466,4,2,0,0,1,1,4,2,2,1,1,561003
91,3,2,8,1,19,1,4,1,0,2,2,2,0.053403938465553066,3,1,0,1,1,0,3,4,4,0,1,995828
148,5,3,18,0,15,0,3,1,0,2,2,2,0.07128443711551873,1,1,0,2,0,0,3,3,4,1,0,385818
56,1,3,46,2,18,1,3,0,0,3,3,1,0.07577498567585414,4,1,0,0,1,0,1,4,1,1,1,879833
193,3,1,13,2,10,1,3,0,1,1,1,1,0.031053193957781555,2,2,0,1,1,1,1,4,3,1,0,761950
139,1,3,37,0,13,0,2,0,1,3,2,1,0.0462116021934276,4,2,0,0,1,1,1,4,4,0,1,402570
161,5,2,35,2,1,1,1,1,1,3,2,4,0.04354292605596328,1,3,0,0,0,0,3,4,2,1,1,149584
298,5,2,39,3,4,0,4,1,0,3,3,4,0.04431290739795672,3,1,0,0,1,0,2,2,2,0,1,843023
293,2,1,16,3,4,0,3,0,0,4,3,3,0.027531450873672553,4,2,0,0,0,0,4,3,2,0,0,793375
109,4,2,29,1,18,0,3,1,0,4,2,1,0.06881694355884316,3,4,1,1,0,0,3,4,2,0,1,697539
162,1,1,8,1,11,0,1,1,1,3,2,4,0.022145974580896115,2,2,1,2,0,0,2,3,4,0,0,169353
51,1,2,32,0,17,0,3,0,0,1,4,3,0.05169359646362941,4,2,1,2,0,1,3,2,2,1,1,981461
178,3,1,24,1,3,0,4,0,1,3,1,1,0.05971270328268147,4,4,1,1,1,1,2,2,4,1,1,182990
97,5,3,13,3,16,0,2,1,1,2,4,2,0.03244816628353263,2,1,1,2,0,1,3,1,3,1,0,891032
189,1,2,10,0,9,1,3,1,0,4,2,2,0.07435101152592773,2,4,0,0,0,1,3,1,2,1,1,780050
246,5,2,34,0,19,0,4,1,0,4,4,4,0.07031295242148758,2,1,0,0,1,0,2,3,3,0,1,732574
86,1,1,40,1,5,1,3,0,1,3,4,3,0.04826502376903552,1,4,1,0,0,0,2,1,4,0,0,395906
209,2,1,13,3,13,1,1,0,1,3,2,2,0.04466893594040833,1,3,1,1,0,1,2,4,1,0,0,481150
296,4,2,29,0,10,1,3,0,1,1,3,3,0.034194075512666004,4,1,0,0,0,1,2,3,3,0,0,792859
58,1,1,40,3,10,0,3,1,0,1,2,3,0.06379959347869782,4,2,1,0,0,0,2,2,2,1,1,581204
282,5,2,3,3,17,1,2,1,0,2,3,2,0.02790462797791785,4,3,0,1,0,1,2,2,1,1,0,500886
148,2,3,3,3,17,1,1,0,0,3,2,3,0.06081426523062698,3,1,1,0,0,0,2,4,3,0,0,317759
196,1,1,27,1,10,0,1,1,0,3,2,2,0.07054741916710482,2,1,0,0,1,0,2,1,4,0,1,641629
97,3,2,7,2,11,0,2,0,0,3,2,4,0.033708294555021424,4,1,1,2,1,0,3,3,4,0,0,195140
257,4,3,1,2,4,1,3,1,0,4,1,1,0.07198564417392538,2,4,0,1,1,1,2,3,4,0,0,970506
180,1,3,40,0,8,0,4,0,1,2,3,1,0.021999391966370508,1,1,1,0,1,1,2,4,3,1,1,117015
197,2,2,45,3,8,0,1,1,1,1,1,4,0.07476724312319152,2,2,1,0,0,1,3,1,4,0,0,996612
201,3,1,21,1,9,0,1,1,1,4,2,2,0.02710173367107788,3,1,0,0,0,1,3,3,3,1,1,748869
103,2,2,40,3,18,0,3,0,0,4,4,2,0.058745550676281955,3,2,0,0,0,1,1,4,2,1,0,810557
169,2,3,15,3,0,1,3,0,1,4,1,2,0.03500494813483651,2,2,1,2,1,0,1,3,2,0,0,149849
210,3,2,28,1,6,0,1,0,0,4,3,2,0.07019314347017683,3,2,1,2,1,1,2,2,3,0,1,476863
201,2,1,48,2,3,0,3,0,0,2,2,4,0.05073802165492799,3,3,0,2,0,0,2,3,3,1,0,115852
165,3,3,47,3,0,0,4,0,1,3,1,1,0.02811447147479008,1,2,0,2,0,0,1,3,1,1,1,679649
124,1,2,29,3,14,1,1,1,0,1,4,3,0.0542594942795587,4,4,0,1,1,0,1,3,4,0,0,473938
162,3,1,11,2,7,1,4,0,1,1,1,3,0.04447295661181899,3,1,1,0,1,1,4,1,2,1,0,776618
249,3,3,34,1,11,0,4,0,1,4,3,1,0.059686868996786074,4,4,1,2,1,1,4,1,2,0,1,686643
213,4,1,10,0,17,0,3,0,0,4,1,4,0.07291419708580757,2,3,0,0,1,1,2,4,1,0,1,486917
215,3,3,45,2,14,1,4,0,1,2,4,3,0.044563347871005105,2,1,1,1,0,1,4,1,3,1,0,564944
153,3,2,49,0,16,0,3,0,1,4,4,1,0.037392840772031574,3,2,1,0,1,1,1,3,3,1,0,127410
133,1,1,20,0,13,0,2,1,1,1,3,4,0.020870905671656528,2,1,0,0,1,1,2,3,1,0,0,885334
276,4,3,20,2,13,1,3,0,1,1,4,3,0.054490342271592496,1,3,1,2,0,1,3,1,4,0,1,303014
161,5,1,4,3,17,0,4,0,0,3,2,2,0.04413648604588601,3,3,0,2,0,1,3,1,3,1,1,658212
266,1,1,47,0,19,0,2,0,1,3,4,2,0.04247895314088972,3,4,0,1,0,0,1,3,3,1,0,999054
148,1,2,19,0,17,1,3,1,1,1,2,4,0.030976119277052752,3,1,1,0,1,1,4,3,4,1,0,862199
202,5,1,36,1,15,1,4,1,1,1,1,2,0.045803320711476456,2,1,1,2,1,0,3,2,4,1,0,957263
142,3,3,2,3,0,0,1,0,0,2,2,4,0.07906651721500209,2,1,0,2,1,0,4,4,1,0,1,505480
195,2,3,43,0,10,1,1,0,1,2,2,1,0.03786524922033466,3,4,0,2,1,0,3,1,1,0,0,390182
177,4,3,32,1,14,0,3,1,0,1,1,1,0.05598226480448601,4,3,0,1,0,0,4,4,1,0,1,335530
159,2,3,8,3,11,0,3,1,1,4,4,3,0.06658921287894001,2,2,1,0,0,1,3,3,3,1,1,371280
131,5,2,8,2,7,0,1,1,1,3,2,4,0.0649494693905919,2,1,0,2,1,1,3,4,1,1,0,375357
243,1,1,3,2,19,1,4,0,1,1,4,3,0.039726457249555445,3,4,0,0,1,0,2,1,3,0,1,308680
103,1,2,34,1,5,1,4,0,0,4,1,3,0.05665160501101102,4,4,0,1,1,0,2,1,2,1,1,208546
212,4,1,16,2,2,0,4,1,0,1,3,1,0.07227588111620943,3,2,0,0,0,0,1,4,4,1,0,594805
257,1,1,33,0,12,0,3,0,0,3,4,3,0.020926845663984676,2,3,1,2,1,1,3,1,4,1,0,651719
238,1,1,23,3,12,1,2,1,0,3,4,2,0.04614406141059846,3,1,1,0,0,0,4,2,2,1,0,142290
218,4,2,31,0,1,1,2,1,0,2,3,3,0.033456405094514315,3,1,0,0,1,0,3,3,1,1,0,578751
277,4,1,0,0,4,1,2,1,0,2,3,4,0.043317937423930336,3,4,1,1,0,1,4,3,3,1,0,983247
210,5,2,7,2,16,0,2,0,1,2,1,2,0.0449593764785145,4,3,1,1,0,0,4,1,3,0,0,230374
117,1,3,44,0,5,1,2,1,0,2,4,1,0.06480025788719822,3,1,1,0,1,1,3,3,3,0,0,142747
82,1,3,22,2,1,1,3,1,1,3,4,4,0.02562931234372659,2,2,0,0,0,1,4,2,4,0,1,700262
191,5,1,46,3,3,0,3,0,0,4,1,2,0.05075503418795063,3,3,1,0,0,0,1,1,1,0,0,966195
70,3,2,39,3,10,0,2,1,0,4,4,4,0.05385168750792471,4,3,1,1,1,0,2,2,3,1,0,824568
97,3,3,11,0,7,0,3,0,0,4,2,2,0.04964945621310826,1,4,0,1,0,0,4,2,3,0,0,753420
197,3,2,11,1,11,1,3,1,1,1,2,4,0.06391239518376321,4,4,0,0,1,1,3,3,3,0,0,435138
297,5,2,45,2,7,0,2,0,0,2,2,4,0.043027475354410843,3,1,1,1,0,1,2,3,2,0,0,839435
177,1,1,46,2,10,0,4,1,0,2,4,2,0.07669802381840457,1,4,1,2,0,1,1,4,3,0,0,955447
185,5,3,14,0,19,0,3,1,1,3,2,1,0.04890820655233648,3,3,0,1,0,0,4,2,2,1,1,770247
184,5,1,40,2,7,0,4,1,1,3,2,1,0.05427283457688785,4,1,0,1,0,0,4,3,3,1,0,619116
244,3,1,18,2,7,1,3,1,1,1,1,4,0.06953184940080497,1,1,0,1,1,0,2,2,3,0,1,624339
194,2,3,25,1,16,0,3,1,1,1,1,4,0.03651416635586735,1,3,0,2,1,0,4,4,3,0,0,954127
177,1,3,28,1,19,1,2,0,0,4,3,1,0.02451212172576815,3,1,1,2,1,0,3,2,2,1,1,563142
82,3,2,21,0,19,1,3,0,1,3,3,1,0.06246703870174895,3,2,0,2,0,0,2,1,3,1,1,316643
225,2,3,39,1,15,1,1,1,0,2,3,3,0.048980711332902716,4,2,1,0,0,1,2,4,1,0,1,353116
253,2,2,20,0,13,0,1,1,0,4,3,1,0.07379025505753968,3,1,1,0,1,1,4,4,3,1,0,390635
236,4,2,37,3,10,1,2,1,1,2,1,4,0.07896080292334605,1,4,1,2,1,1,1,2,2,1,0,902512
164,1,2,19,0,6,0,4,0,0,4,1,2,0.04394656103448375,2,2,0,0,1,0,1,2,2,0,0,659168
263,2,3,28,3,15,0,4,0,1,2,1,1,0.044926340975579654,2,1,0,0,1,1,1,3,1,1,0,291037
168,3,1,3,0,12,0,4,1,0,1,2,3,0.04447775613234359,4,2,1,0,0,1,1,1,4,0,0,473200
71,4,2,6,2,14,1,1,0,1,4,2,3,0.039473246583855565,3,4,1,2,1,1,2,4,1,0,0,147361
287,1,1,27,1,15,0,4,1,1,2,3,3,0.06690122586598385,4,3,1,1,0,0,2,4,1,1,1,449829
207,5,1,27,3,8,0,4,1,1,2,2,2,0.06553974574944366,2,1,1,2,1,0,4,4,2,1,1,967307
87,3,3,3,0,2,0,2,1,1,3,4,1,0.04871869223303149,2,1,1,2,0,1,1,3,3,1,1,194841
279,2,1,21,1,18,1,4,0,1,4,1,1,0.022679672982733927,3,1,0,0,1,0,1,1,3,1,0,822250
158,2,1,11,0,19,1,1,1,1,2,3,1,0.0385735580907844,1,1,0,0,1,0,4,4,4,1,0,562506
100,3,3,44,1,4,1,1,1,0,3,3,2,0.03753818279329025,3,1,0,1,0,0,4,4,4,1,1,614136
231,2,2,2,1,9,0,1,1,0,2,4,2,0.0686652347720155,2,1,1,1,0,0,4,3,4,0,0,615750
57,4,1,21,0,16,1,2,0,0,4,2,4,0.025254534404970483,1,4,1,1,1,1,3,2,4,1,0,974523
76,1,3,43,3,14,0,2,0,1,1,3,3,0.06834052274256225,4,3,0,1,0,0,4,4,1,0,0,657293
76,4,1,1,3,7,0,3,0,0,4,2,3,0.06015101913194858,2,4,0,2,1,1,4,1,1,1,1,337903
275,2,1,23,2,14,1,4,1,1,4,2,1,0.06394648754782695,4,4,1,1,0,1,3,1,3,1,1,884446
70,5,2,33,1,13,0,2,0,0,2,4,2,0.04593279125510141,1,3,0,2,1,0,1,1,1,1,0,689759
79,1,1,26,2,19,1,1,1,0,2,3,2,0.060783547760105486,4,4,0,0,1,0,2,1,3,1,1,751006
146,1,3,40,2,6,0,1,0,1,4,2,1,0.05654173668241495,2,2,0,1,1,0,1,3,3,1,1,206379
77,3,1,0,0,11,1,2,1,0,3,2,1,0.06613881171371777,3,4,1,0,1,1,2,4,3,0,0,937160
160,3,2,7,0,16,0,2,0,0,3,4,4,0.046806190068095124,4,1,1,0,1,1,2,3,3,0,0,764051
241,5,2,22,0,16,0,2,1,0,3,4,3,0.04836953749377815,2,2,0,2,1,1,4,1,2,0,1,109756
274,1,3,37,1,9,0,3,0,1,2,2,3,0.058614573364389216,2,2,1,1,1,1,4,1,3,1,1,747958
246,5,2,5,0,18,0,1,0,0,2,4,3,0.0264846496199833,1,3,0,2,1,1,3,1,1,1,0,922740
110,3,1,21,0,13,0,3,0,1,4,2,4,0.046174666901859035,2,4,0,0,0,1,1,3,1,1,0,164079
97,3,2,24,1,10,1,3,1,0,1,3,1,0.07831705071558834,3,4,1,1,0,1,1,1,1,0,0,689812
196,1,3,17,1,1,0,4,0,0,2,1,1,0.022253139203602737,3,2,1,0,0,0,2,4,1,0,1,553682
53,4,2,16,3,17,1,1,0,0,4,4,3,0.03896028337198363,4,4,1,0,1,1,4,1,2,1,1,633615
84,2,2,11,0,6,1,1,0,0,4,1,3,0.038846589145362244,4,4,0,1,1,1,4,4,4,0,0,274380
241,3,2,5,0,11,1,2,0,1,1,2,4,0.05800784715414635,4,3,0,1,1,1,1,4,4,1,0,205561
98,3,3,25,0,1,0,2,1,0,3,2,2,0.026348021565448396,4,2,0,1,0,1,3,1,3,1,0,456580
66,4,2,26,3,19,0,4,0,1,4,2,2,0.05771264185273167,3,1,1,2,0,0,4,3,3,0,0,116533
221,4,2,7,0,17,0,3,1,1,4,1,3,0.025702414439097165,1,2,0,2,0,1,3,2,1,0,1,621970
269,5,1,18,3,5,1,2,1,0,4,2,4,0.02569721884509986,4,3,0,0,0,1,1,2,1,0,0,197417
207,5,3,41,2,9,0,2,1,0,3,4,3,0.06369100143130893,1,3,0,1,0,0,1,4,4,0,0,455462
270,2,2,0,3,19,0,1,1,1,3,3,2,0.03944811042996778,2,3,0,0,1,0,3,3,4,1,1,799848
95,2,3,28,2,14,1,1,0,1,1,3,3,0.07864537686282487,2,4,1,0,0,1,4,2,1,1,0,822520
166,1,2,44,0,4,1,2,1,0,2,4,2,0.022241176186133298,4,2,1,0,1,1,1,1,3,0,1,140429
55,5,2,48,2,19,1,1,1,0,3,3,2,0.04670639982307964,2,4,1,0,1,1,2,1,2,0,1,544942
148,3,2,34,3,2,1,4,1,0,2,1,2,0.02678815626044142,1,4,0,0,1,1,1,4,2,0,1,448492
173,5,1,39,1,4,1,2,1,0,2,2,1,0.04108273800548652,1,2,0,1,0,1,4,3,4,0,0,959497
282,3,1,13,2,7,1,1,0,0,3,2,1,0.07989334703654304,2,3,0,2,0,1,2,3,4,1,1,513869
86,4,1,34,2,7,0,4,0,1,4,2,3,0.07333055070431191,4,1,1,1,1,0,1,2,4,1,0,979828
73,5,3,47,0,7,1,1,1,0,1,1,2,0.022899464531323816,1,1,1,1,0,0,4,2,2,1,1,637942
142,4,3,44,3,11,0,1,1,0,2,1,1,0.05379535062954101,1,2,1,1,0,1,4,1,2,1,1,495324
290,2,1,19,2,7,0,1,1,1,4,1,3,0.05886933828946614,3,2,1,2,1,1,1,4,1,1,1,431627
95,2,3,48,2,10,0,2,0,0,3,4,3,0.03257207743700754,4,3,1,2,1,1,4,3,3,1,0,632187
230,1,2,12,2,13,1,3,0,0,2,1,3,0.028706334403787014,3,2,0,2,1,0,3,2,4,1,0,244444
144,5,2,37,2,7,0,1,0,1,2,3,3,0.0742628680799314,2,2,1,1,1,1,2,2,1,0,1,530898
148,4,2,48,1,9,1,4,0,0,2,4,3,0.0781289864890026,2,3,1,2,1,0,3,4,2,1,0,982341
237,3,1,45,3,6,1,2,0,1,4,4,4,0.0795135714391785,3,3,1,0,0,0,1,4,1,0,1,991403
274,2,3,48,0,16,0,2,1,0,4,4,2,0.06738570642407807,4,4,0,2,1,1,3,1,2,0,1,561015
165,2,1,7,0,3,1,4,0,0,4,1,3,0.05981012416431543,1,2,1,1,0,0,1,4,3,0,1,716012
240,3,3,42,1,12,0,1,0,0,2,4,4,0.040743815131579875,2,1,1,1,0,1,1,1,2,1,1,129295
262,4,2,19,3,3,0,3,1,1,2,1,2,0.030283898739485147,4,2,1,0,1,0,4,1,1,1,0,559329
209,4,1,32,2,4,1,1,0,1,1,1,1,0.024738835961973904,4,1,0,2,1,1,4,4,3,1,1,442709
264,5,3,25,1,3,0,4,0,1,1,4,3,0.06159784811308952,2,1,0,2,0,1,1,4,2,1,0,149574
210,5,3,38,3,17,0,2,0,1,4,2,4,0.0670834049107615,2,1,1,0,1,0,2,4,4,0,1,463211
116,1,2,20,2,5,0,3,1,0,4,2,1,0.0695872191472988,4,4,1,1,0,0,2,4,2,1,1,296006
177,2,1,48,1,1,1,2,0,1,3,4,4,0.07482590019822792,1,3,1,1,1,0,2,4,3,0,1,130066
67,5,1,41,3,10,0,4,1,1,4,2,2,0.07279577381830242,3,3,1,2,1,1,3,1,1,1,1,314221
74,4,1,42,0,13,1,1,1,1,1,3,2,0.07998447633548555,2,4,0,2,0,0,1,2,3,1,1,840456
283,3,2,40,0,4,1,3,0,0,1,3,1,0.03464384065803508,3,3,1,2,0,0,4,3,1,0,0,240017
272,4,1,8,3,5,0,2,0,0,1,1,4,0.06579845691273263,4,4,0,2,1,1,3,3,2,0,0,129418
103,2,2,23,0,9,0,2,0,1,2,2,3,0.055187570742487854,3,2,1,2,1,1,3,1,2,0,1,182607
107,4,2,36,3,7,1,2,0,1,2,3,3,0.035674707947214945,1,4,0,1,1,0,4,1,3,1,0,674162
116,1,2,48,2,13,1,1,1,0,4,4,1,0.07891431933721657,4,3,0,1,0,0,1,2,4,1,0,998590
153,2,3,40,3,2,0,3,0,1,3,2,1,0.07387388628645512,1,3,1,1,1,0,3,4,2,0,1,510346
223,3,1,16,2,11,0,1,1,1,3,3,1,0.027710940106646986,4,2,0,1,1,1,1,1,4,1,1,972689
73,1,1,23,1,15,1,1,1,1,3,3,4,0.021569500539405193,1,4,1,0,1,1,1,3,4,0,1,230538
163,2,2,20,3,16,1,1,1,1,2,4,3,0.06129984573996061,4,2,0,1,1,0,1,4,3,1,1,313699
81,3,2,38,1,0,1,4,1,0,1,1,3,0.05624783773139211,1,1,0,0,0,1,4,1,2,0,0,312465
224,1,1,40,0,9,1,4,1,0,1,4,3,0.07614893744666876,4,4,1,1,0,0,1,4,4,0,0,534610
135,1,2,38,2,9,1,4,0,0,2,1,1,0.03404031722962219,1,2,1,2,0,0,3,3,2,1,0,604588
200,2,1,12,3,1,0,3,1,1,3,3,3,0.025063276873699223,4,2,0,2,1,1,4,4,1,0,0,673923
243,5,3,10,1,8,1,1,1,1,3,1,2,0.035552920026319185,1,3,0,2,1,0,4,1,4,1,1,357470
176,1,2,45,2,12,1,1,0,0,4,3,1,0.021135658430687806,2,4,1,0,1,0,3,1,3,1,1,999455
204,1,1,18,2,15,0,4,0,0,4,3,3,0.022153565071335944,3,1,1,1,0,1,4,3,3,0,1,461981
283,3,2,10,0,17,0,1,1,0,3,2,4,0.07489146835524557,4,1,1,1,0,0,3,2,4,0,1,313161
179,4,1,12,0,18,1,1,1,1,2,1,1,0.0411209949501127,1,4,0,0,0,0,2,2,2,1,0,379548
267,2,1,45,2,11,1,2,0,0,3,1,2,0.04464854006058084,2,4,1,0,0,1,3,4,1,1,0,696917
66,2,2,44,2,7,0,1,1,1,4,1,2,0.021102299272286264,4,2,1,0,1,0,4,1,1,0,1,113156
153,5,3,0,3,16,1,2,0,1,3,4,4,0.036231306810310795,4,3,0,0,0,0,3,1,3,0,0,548834
210,5,1,39,2,14,1,1,0,0,2,2,4,0.06828355902448587,4,3,1,0,0,1,2,3,3,0,0,149999
186,2,1,43,3,9,0,3,1,0,1,2,1,0.056929457580003145,3,3,1,2,1,1,1,3,2,1,1,507001
92,5,1,18,2,14,1,4,0,1,2,2,1,0.06522683606518492,1,4,1,1,0,1,1,1,3,1,0,279431
295,3,3,11,0,14,0,2,1,0,2,4,2,0.046832824447627104,1,3,1,0,1,0,1,3,2,1,1,584023
225,2,3,7,3,6,0,4,1,0,4,1,4,0.0385837533050798,4,2,0,2,1,1,4,2,4,0,0,376838
88,5,2,7,1,12,0,2,1,1,2,1,1,0.04896860559970222,4,4,1,0,1,0,2,2,1,0,0,955981
270,2,3,44,0,16,0,2,0,1,2,1,2,0.03938426410434507,4,4,1,2,1,1,3,4,4,1,1,288302
219,4,2,11,3,8,1,2,1,1,4,2,4,0.07033826580044408,2,3,1,0,1,0,3,3,3,1,1,132799
296,1,2,47,3,7,0,3,0,1,4,2,2,0.037860422935570744,4,1,1,1,0,0,3,4,1,0,1,976720
75,2,3,32,1,19,1,1,1,1,1,3,3,0.05958581842718502,3,1,1,0,0,1,3,3,1,1,0,242228
148,1,2,44,3,17,1,2,1,0,3,4,4,0.028218933338571672,1,2,1,0,1,0,4,3,4,0,1,402789
99,5,3,25,2,12,1,3,0,1,2,4,1,0.06121198962409459,3,3,0,1,0,0,4,2,2,0,0,794298
202,1,2,38,1,15,1,2,1,1,4,2,1,0.07479798269600202,4,3,0,1,1,1,2,1,1,0,1,550198
201,2,3,27,0,8,1,1,1,1,1,3,3,0.056514989278394503,2,4,0,0,0,0,3,3,2,1,0,439758
62,4,3,4,0,11,0,2,0,0,3,1,4,0.05359132280206863,4,4,1,1,0,0,1,3,4,1,1,322686
109,5,2,7,2,11,0,3,0,1,4,2,2,0.07766709608129842,4,3,1,1,0,0,4,3,4,0,1,233387
299,2,1,24,0,5,0,1,0,1,3,4,1,0.05764379331895078,4,4,1,2,0,1,2,1,2,0,0,328339
184,5,2,26,3,18,0,3,1,1,3,4,3,0.035573025996384955,4,3,0,1,0,1,2,4,4,1,0,984801
106,3,3,45,3,6,1,1,0,0,2,4,3,0.03754346143086443,4,2,1,1,0,1,4,4,1,0,1,112420
85,1,1,22,2,2,0,1,0,1,2,1,4,0.06231839855215564,1,4,0,0,0,1,1,3,4,1,0,380456
222,3,2,29,0,15,1,4,1,1,4,4,4,0.06412619563353118,3,3,1,0,1,1,1,3,4,1,1,907827
69,2,2,44,0,17,1,4,0,1,3,1,1,0.03820977390734091,2,4,1,2,1,1,3,4,1,1,0,402445
114,4,2,46,2,15,0,4,1,0,4,1,3,0.04072063867557981,4,2,0,0,1,1,4,4,2,0,0,351985
57,5,1,22,1,6,0,1,1,0,4,1,2,0.07946339052434521,2,4,0,1,0,1,1,2,4,0,1,146972
287,1,3,48,0,3,0,2,0,0,3,2,3,0.02611715297481665,1,3,0,1,0,0,4,3,2,0,1,687582
193,5,2,46,1,7,0,3,1,0,4,1,2,0.04427870170640596,3,4,0,1,1,0,2,4,1,0,0,180853
191,2,2,19,0,12,1,3,0,1,3,3,2,0.02374685187185045,4,4,0,0,1,0,2,2,2,1,0,744423
253,5,2,17,0,12,1,3,0,1,3,4,1,0.06926470171989446,1,3,0,1,0,0,2,1,2,0,0,182504
164,1,2,17,0,16,0,4,0,0,3,2,3,0.025540750336725933,1,1,1,1,1,1,4,3,3,1,0,909286
264,2,2,1,0,16,1,1,0,0,3,4,2,0.06044044138776267,3,4,0,2,1,0,3,4,3,0,1,221373
192,5,3,3,3,4,1,4,1,1,1,1,4,0.023389005440208922,4,4,1,2,1,0,3,3,4,0,1,432924
141,4,3,29,1,5,1,2,1,1,3,2,2,0.060371302268581464,3,2,1,2,1,0,1,2,3,0,0,524145
147,2,2,32,1,18,0,1,0,0,2,3,4,0.0705822168156622,3,1,1,0,0,0,4,4,3,0,1,468602
115,2,1,35,0,12,1,3,0,0,2,1,4,0.04392929161544344,2,2,1,1,1,0,3,1,3,0,0,943535
81,4,3,17,0,13,0,4,1,0,2,4,3,0.05132758960593062,2,3,1,1,1,1,4,1,2,1,0,609652
264,3,1,36,1,3,0,4,0,0,3,3,4,0.04409250428031695,3,3,0,1,1,1,3,2,2,0,0,425764
240,1,3,18,3,6,1,2,1,1,2,1,2,0.03802932551795833,2,2,0,2,1,0,2,1,3,0,1,976022
135,3,2,46,2,7,1,2,0,0,1,3,4,0.06819580403762769,1,4,0,1,0,0,2,1,1,0,0,970556
100,5,3,27,2,12,0,4,1,0,4,1,3,0.036320154423859385,3,1,1,1,1,0,1,1,3,0,1,931022
202,4,2,39,1,5,1,2,1,1,3,2,1,0.06337660546336682,4,2,0,1,1,0,2,1,1,0,1,986628
235,3,3,19,0,5,1,3,1,1,2,1,2,0.03237182475531213,4,2,1,1,1,1,3,1,2,1,0,696842
112,2,2,48,0,2,0,2,0,1,1,2,2,0.034991227764699775,1,3,1,1,1,0,1,1,1,0,1,503837
239,5,2,32,3,2,0,2,0,1,4,1,3,0.040187669754632734,4,4,1,0,1,1,1,1,2,1,0,217781
174,5,2,11,2,12,0,4,0,1,1,1,3,0.05534938264362729,4,1,1,1,0,0,2,4,1,0,0,625261
199,3,2,14,3,1,0,4,0,0,2,4,3,0.04726533914957247,3,2,0,0,1,1,4,1,2,1,1,874072
107,3,1,40,2,15,1,1,0,0,1,3,3,0.06470868858966922,1,1,0,1,1,1,2,4,2,0,0,340210
107,4,2,38,1,5,1,1,1,0,4,3,2,0.032814038020171535,3,1,0,0,0,1,2,3,3,0,1,945218
135,1,1,1,2,7,0,4,1,1,2,3,1,0.020640337270930047,1,2,0,1,1,0,1,2,4,1,1,204919
98,3,1,28,3,7,0,2,1,0,4,1,4,0.0665934483071132,3,1,0,1,0,0,2,1,4,0,1,137097
229,3,2,40,3,5,0,2,1,1,1,1,4,0.06929896003280435,3,3,1,1,1,1,3,2,2,1,0,221403
219,2,1,9,3,13,1,1,1,0,3,1,1,0.023568809786503372,2,4,0,1,0,0,1,1,3,0,1,920677
119,5,3,1,1,2,0,1,1,0,3,2,1,0.056654451329503794,4,4,1,2,0,0,2,4,4,1,0,820571
64,1,2,10,2,9,1,1,1,1,3,2,1,0.04269240703238468,1,4,1,1,1,1,4,1,4,1,0,679129
103,2,1,12,2,2,0,3,0,1,3,4,3,0.067633739311671,4,3,1,0,0,0,3,3,3,1,1,649634
284,4,2,9,3,11,0,3,1,0,4,1,2,0.07246487325178871,2,3,0,2,1,1,4,2,3,0,1,729921
237,4,2,13,2,16,0,1,0,0,3,3,2,0.07106022600783495,1,3,1,2,0,0,3,2,4,1,0,696268
150,3,2,17,0,4,1,2,1,0,4,3,2,0.06663225484105113,2,4,1,1,0,0,4,3,4,0,1,190417
274,3,1,8,0,19,1,1,1,0,2,4,3,0.03614313372452978,4,1,0,0,1,1,2,4,1,1,1,542369
57,4,3,38,0,8,1,3,0,0,3,3,2,0.068713378614099,3,3,1,0,0,1,3,4,1,1,1,963374
102,3,3,27,2,19,0,2,1,1,4,4,3,0.05200870855437756,2,2,1,2,1,1,1,3,2,1,0,991579
109,1,1,2,1,6,1,3,0,1,3,1,2,0.02316539688992545,2,3,1,0,0,1,1,2,4,0,1,977407
285,3,2,19,1,3,1,2,1,1,3,3,1,0.04741633099389494,3,2,0,1,0,0,4,1,3,0,0,892404
157,5,1,5,1,12,0,3,0,1,3,1,4,0.07652947502179959,4,4,1,1,1,0,4,4,3,0,0,934495
54,3,1,26,1,12,0,2,1,0,4,2,4,0.07327156098413316,2,2,1,1,1,0,4,1,4,1,1,230017
152,2,1,1,0,9,1,2,0,0,1,3,3,0.026135856859826962,4,3,0,1,0,1,3,2,2,0,1,943487
245,1,2,28,0,17,1,2,0,1,3,2,2,0.06464760114286221,3,3,0,1,1,0,1,1,3,0,0,858769
55,2,1,37,3,16,1,2,1,0,3,3,4,0.06834757195749408,1,1,1,2,1,0,2,3,4,1,0,557582
158,2,2,2,2,19,1,4,1,1,2,1,1,0.03628329129420589,2,4,0,1,0,0,3,4,4,1,1,242003
273,5,1,15,2,19,0,3,0,0,1,4,1,0.04829651424446554,4,2,0,1,0,1,4,4,2,0,0,763062
165,1,3,29,1,12,0,3,1,0,4,1,1,0.06265927648782098,3,4,0,2,1,1,1,3,4,0,1,709122
143,1,1,39,0,16,0,4,0,0,2,1,3,0.04634248932926888,3,3,0,2,0,0,4,3,3,0,0,943882
96,1,1,1,1,3,1,2,1,1,3,1,3,0.026767815131994617,2,1,0,2,1,0,2,4,1,1,1,852936
148,1,3,16,3,0,1,2,0,1,2,3,2,0.0623529466809033,1,3,0,0,1,1,2,4,2,1,0,689540
104,1,2,40,2,0,0,3,1,1,2,4,1,0.07469832138411821,2,3,0,0,1,1,1,4,4,1,1,146904
217,5,2,11,2,14,0,4,0,1,3,2,2,0.05914908370436946,4,3,1,1,1,1,3,2,2,1,1,152320
101,3,1,34,1,12,1,2,1,0,1,1,2,0.06642804491414203,3,2,0,1,1,1,2,2,4,1,0,393144
193,2,3,42,3,16,1,2,0,0,1,3,1,0.04150175213946971,1,3,0,1,1,0,2,2,1,0,1,195341
62,1,2,0,2,7,0,2,0,0,2,2,2,0.03099189470759809,4,4,0,0,0,1,2,1,2,0,0,882884
163,3,1,44,3,17,0,1,1,0,3,1,4,0.058566419697097555,2,4,1,1,1,0,2,2,4,0,0,889031
173,3,3,14,3,12,0,4,1,1,4,2,3,0.03966627235047313,3,1,0,1,0,1,4,4,1,1,0,449780
155,2,2,25,1,13,1,2,0,0,2,1,2,0.07160441113938756,2,4,0,0,1,0,4,2,3,1,0,851405
207,5,2,36,0,7,1,1,0,0,4,2,1,0.027357682998680397,1,3,1,2,0,0,3,4,4,0,1,840079
196,4,3,20,1,7,1,4,0,0,2,2,3,0.046007821983987424,1,3,0,0,0,1,1,3,1,0,0,811525
194,4,3,48,0,14,1,2,0,1,2,4,3,0.043803656028103155,1,4,1,1,0,0,1,1,1,0,0,289927
169,3,3,30,3,12,1,3,1,1,3,4,2,0.07628323121323578,1,1,1,0,1,0,1,1,2,1,0,334849
112,2,3,24,0,6,1,1,0,1,3,1,4,0.029188088036264232,1,1,0,2,0,0,2,3,4,1,1,624306
68,4,1,22,3,4,0,1,0,0,4,3,2,0.020590809500720657,2,4,1,2,0,1,4,4,3,1,0,231930
141,3,3,23,2,16,0,2,0,1,4,4,4,0.03428511276842705,1,2,0,2,1,1,4,1,4,1,1,519208
107,5,2,37,2,15,1,2,1,0,1,2,3,0.06921661158611926,1,2,0,2,0,1,3,2,1,1,1,525796
232,4,2,27,2,1,0,1,0,0,3,4,2,0.032559308962821026,3,2,1,2,0,0,1,4,3,0,0,433060
139,3,1,20,1,17,1,3,1,0,2,4,1,0.03445268382232896,1,2,1,2,1,0,4,1,1,0,1,791160
278,3,2,42,1,16,0,3,1,1,2,1,2,0.027793928272208647,3,4,0,1,0,0,3,3,2,1,0,683058
267,1,2,17,3,6,1,4,1,1,1,4,4,0.06292617219659243,3,1,0,1,0,0,1,4,4,1,1,315523
166,5,3,35,2,12,0,2,1,0,3,4,4,0.02415045143032503,3,3,1,0,1,1,2,1,1,0,1,336847
111,1,2,34,1,17,0,3,1,0,2,2,2,0.0398724981397113,2,3,0,1,0,0,4,3,1,1,0,923919
72,2,1,44,2,13,1,4,1,1,1,4,4,0.03694992359725787,2,4,0,2,0,0,4,4,4,1,1,244015
176,1,3,8,1,17,1,3,1,1,1,2,3,0.053309583787409284,4,3,0,1,0,0,1,2,3,0,0,596383
186,1,3,37,0,12,0,2,0,1,2,4,2,0.06382497590118413,4,2,1,0,0,1,2,4,1,1,1,202342
189,4,1,29,0,10,0,4,0,0,2,4,4,0.05197258608180484,3,1,0,2,1,0,2,2,4,1,0,685745
294,3,3,43,2,15,1,4,1,0,4,3,2,0.07586155957850406,2,4,0,1,1,1,4,4,2,0,0,618327
178,5,3,33,3,16,0,4,0,0,3,4,2,0.07708655833323992,1,1,0,1,1,1,1,3,2,1,0,380980
107,1,1,31,1,7,1,3,0,1,4,2,1,0.041687919709910926,4,4,1,0,1,0,3,2,4,1,0,987582
171,5,3,2,1,18,1,2,1,1,1,2,2,0.06666082257649356,2,4,1,2,0,0,4,2,1,0,1,599584
50,1,1,2,0,19,0,4,0,1,2,1,1,0.06432808299609138,1,4,1,0,1,0,2,4,4,0,0,897826
288,2,1,27,0,14,1,1,1,0,4,1,4,0.07357787550228964,1,4,0,2,1,0,3,1,4,1,0,434302
83,1,2,43,3,8,0,2,0,0,1,3,1,0.0468766184124622,2,1,1,2,0,1,1,2,1,0,0,617912
145,4,2,14,3,19,0,1,1,1,3,2,1,0.05182839123186754,4,3,0,1,0,1,2,4,3,0,0,486804
175,3,3,40,3,9,1,1,1,0,2,2,1,0.04494645881489444,2,4,1,0,0,1,3,3,3,1,1,734887
167,2,3,22,2,11,0,4,0,1,4,2,3,0.07102261515798233,4,2,0,0,1,1,4,4,2,0,0,911712
97,1,1,39,0,19,1,4,0,0,3,3,1,0.03378213892172806,3,4,1,0,0,1,2,4,3,1,1,224221
138,5,3,10,2,0,1,3,1,1,4,2,2,0.034382544694546685,2,1,0,2,0,1,1,2,4,0,0,349222
281,2,1,47,0,19,1,3,1,0,1,1,1,0.042356306214624787,2,4,0,0,0,1,2,1,1,0,0,177318
286,2,1,31,0,8,0,3,1,0,3,3,2,0.03382056992614107,4,2,1,2,1,1,4,3,2,1,0,432306
166,1,3,35,1,14,1,2,0,1,4,1,1,0.053660410184895244,4,1,0,0,1,1,1,2,3,1,0,516656
178,2,1,32,0,0,0,3,0,1,3,1,3,0.02806940638973014,2,4,1,0,1,1,4,2,4,1,0,414856
65,5,2,23,0,11,1,1,0,1,1,3,4,0.039211173164243315,1,2,1,1,1,0,3,2,2,0,0,885072
238,2,3,38,2,2,1,3,0,1,3,4,1,0.0748066819085354,1,1,0,0,1,0,2,3,1,1,1,471722
280,5,2,33,0,10,1,4,1,1,4,4,1,0.04455352881150776,1,4,0,1,1,0,4,1,3,1,1,614021
241,1,3,27,2,1,0,3,1,0,1,1,3,0.06489402298961056,3,2,1,1,1,1,3,3,4,0,0,803016
240,3,1,36,3,15,0,2,1,1,2,4,1,0.02680773150239444,3,1,1,2,0,0,1,3,1,0,0,761949
118,2,3,6,0,8,1,2,1,1,4,2,2,0.03485387048850708,4,4,1,0,0,1,1,1,4,0,0,934673
71,3,2,3,0,14,1,1,0,1,4,3,1,0.06844073727202211,3,1,0,0,0,1,3,3,4,1,1,879955
142,5,1,36,2,11,0,2,1,0,1,1,1,0.06577957617738164,1,2,1,0,1,0,3,4,4,0,0,647521
296,2,3,0,3,0,0,3,1,1,1,2,4,0.04316935511562927,2,4,0,1,1,1,1,3,1,0,1,266083
244,4,3,0,1,12,0,4,0,1,2,4,4,0.07726381412200846,3,4,0,0,0,0,4,2,2,1,1,894609
125,3,3,46,3,13,1,2,0,1,4,2,1,0.07463858095007272,3,4,1,2,0,1,3,3,4,0,1,623099
203,2,2,19,2,7,0,1,1,0,1,4,3,0.07773804494673439,1,2,1,2,1,1,4,2,2,0,1,265600
193,3,2,18,3,7,1,3,0,0,2,1,4,0.04567488141126712,3,3,0,0,1,0,1,3,2,1,1,738794
228,2,3,28,2,11,0,1,1,1,2,2,1,0.03184841502114098,4,4,0,1,1,0,4,2,3,0,0,859106
278,1,1,9,2,0,1,2,0,0,1,3,4,0.057599518345480466,2,2,0,2,1,0,4,2,3,1,1,685639
135,3,1,17,1,10,1,2,0,1,4,1,1,0.06108638949675191,1,1,0,2,1,0,3,2,2,1,1,978340
234,4,2,27,0,7,1,1,1,0,3,2,4,0.0275265070670312,4,1,1,1,1,0,4,1,3,1,0,550047
78,4,1,34,2,9,0,3,0,1,3,2,4,0.06718898205775435,1,2,0,2,1,0,4,3,3,1,0,676115
255,5,2,42,2,18,0,2,1,0,2,4,2,0.021083613185597632,4,3,1,1,1,1,4,3,2,1,1,516724
269,2,3,46,1,10,0,4,0,1,3,1,1,0.048963703248607,2,2,1,2,0,1,1,4,1,0,0,704789
118,3,2,30,2,6,1,2,0,1,3,1,1,0.03986097556969369,2,1,1,1,1,1,1,4,3,1,0,168772
96,5,2,26,0,10,1,3,0,0,1,1,1,0.06441818359394505,4,1,0,2,1,1,2,4,3,1,0,639899
290,3,3,10,1,16,0,2,0,1,2,1,1,0.038765643645308955,4,4,0,0,1,0,1,3,1,1,1,253354
143,2,1,48,0,0,1,1,0,1,4,4,4,0.06960842676686196,4,3,1,2,0,1,1,1,1,1,1,927435
287,4,2,48,0,7,1,2,1,1,2,3,2,0.05569720932684863,4,2,1,2,0,1,2,2,1,0,0,836725
239,1,2,37,1,5,1,2,0,1,1,1,2,0.06763360170572433,4,1,1,0,1,0,2,3,2,0,0,567432
293,4,3,4,2,17,0,3,1,0,3,4,3,0.07936043827037742,4,1,1,0,0,1,3,1,1,0,1,874324
246,5,1,7,0,5,1,1,0,1,4,3,1,0.06074950074461341,2,1,0,0,0,0,3,1,2,1,1,242412
253,1,2,33,0,4,0,3,1,0,2,3,3,0.07909701898169864,4,2,1,0,0,0,1,3,4,0,0,458773
193,5,3,47,0,12,0,2,0,0,3,4,4,0.021730179615302322,3,2,0,1,1,0,4,2,4,0,1,448787
267,2,2,11,0,18,0,4,1,0,2,1,3,0.04028839930902851,2,3,0,1,1,1,3,1,1,1,1,961116
267,1,3,37,1,7,0,2,1,0,4,3,1,0.02647119587373855,1,4,0,2,1,0,3,3,1,1,0,470754
225,5,1,0,1,8,0,3,0,1,2,1,2,0.03573829588306637,2,4,0,2,1,1,1,2,4,0,0,183035
134,2,1,30,3,16,1,4,0,1,2,1,2,0.07033327394754646,1,4,1,2,1,1,4,4,2,0,1,904597
88,4,1,3,3,2,0,3,0,0,2,2,1,0.021939395919565417,1,1,0,1,1,1,2,1,2,0,1,733610
149,2,1,48,0,18,0,3,1,1,3,1,4,0.051210976143943626,3,4,1,2,1,0,2,1,1,0,1,511476
82,3,2,44,2,10,0,1,1,0,4,2,1,0.05402772245194237,4,1,0,2,0,0,1,3,1,1,0,154515
271,2,2,49,0,16,1,4,0,1,4,3,4,0.05366906880031737,4,3,1,1,1,0,1,3,1,1,0,845812
150,2,1,4,2,18,1,2,0,1,3,4,2,0.04851782442939534,2,1,1,2,1,1,4,2,4,1,0,209446
72,3,1,29,0,1,1,3,1,1,3,2,4,0.06743617788618532,4,3,1,1,1,1,1,4,3,1,0,654768
299,5,1,23,3,7,1,2,1,0,3,4,1,0.02801258537033307,3,3,1,1,1,0,1,4,1,1,1,807887
59,5,2,2,3,18,0,1,0,0,1,3,1,0.03863462093304724,2,4,1,0,1,1,1,3,2,0,0,159789
295,2,1,10,2,6,0,1,1,1,2,1,1,0.05694356320671036,2,4,0,0,1,0,4,3,3,1,0,807262
118,3,1,44,0,16,1,4,0,0,2,3,4,0.061457081976077355,2,1,1,1,1,0,1,2,2,1,1,132191
149,3,1,3,2,5,1,1,0,0,4,4,4,0.04424890590662338,4,2,0,1,1,1,3,3,3,0,0,683776
83,4,3,25,3,18,1,1,0,1,2,3,4,0.07252227579963398,4,4,1,0,0,1,4,2,4,1,1,830442
229,5,1,26,0,5,1,2,1,0,1,1,2,0.044929603801754855,4,4,0,2,0,0,3,2,3,0,0,267116
272,1,3,45,0,1,0,1,1,1,3,3,3,0.04416656806089999,2,2,0,2,1,1,4,4,2,1,1,804960
187,5,3,42,2,5,1,1,1,1,4,1,3,0.022172435689243097,2,2,0,2,1,0,3,2,3,1,1,973889
299,5,1,26,1,4,1,3,1,1,4,2,1,0.05306848017168403,1,4,1,1,0,0,4,4,4,1,1,804136
196,4,3,41,2,18,1,1,0,0,2,4,2,0.0625208503107143,1,2,0,0,1,1,2,4,2,0,0,988908
235,1,1,49,3,19,1,3,1,1,4,1,4,0.026866289811010885,4,1,1,2,1,0,1,4,1,1,1,604703
145,4,2,5,3,3,1,1,0,1,3,1,1,0.038325965965272255,2,3,1,0,0,1,1,3,3,0,0,698813
50,1,2,14,3,16,1,1,0,0,4,3,2,0.06687541722697113,4,3,0,0,1,0,4,4,2,1,0,939080
297,2,2,29,3,10,1,4,0,0,3,2,1,0.04195516612481452,4,4,0,1,1,1,3,2,3,1,0,638028
118,1,2,41,3,3,0,4,1,0,1,1,2,0.03449614772240239,1,4,1,2,1,1,2,3,4,0,0,982148
286,4,3,36,1,12,0,3,0,0,1,2,2,0.06033203981390674,3,1,1,0,0,0,3,2,2,0,0,768462
53,5,1,36,0,19,0,1,0,1,3,2,3,0.03180552666029934,4,2,1,1,0,1,1,3,1,1,0,311965
65,1,1,41,2,16,0,2,1,0,2,3,1,0.07373917517499061,3,4,1,1,1,1,1,2,1,0,1,544550
73,1,1,36,2,8,0,4,0,0,4,1,4,0.02633590376156846,3,3,1,1,0,0,3,1,3,1,1,213917
129,3,2,34,3,3,0,2,1,0,2,3,3,0.06239298813696961,2,1,1,2,0,1,4,1,4,1,0,725918
296,5,2,22,2,13,1,4,1,0,4,4,3,0.04997292207718251,2,1,0,2,0,0,4,1,4,0,0,649509
51,2,1,5,3,18,1,4,1,1,1,4,4,0.07219577374381961,4,2,1,1,1,1,3,2,3,0,0,163265
290,4,2,3,1,2,0,1,0,0,1,1,2,0.027571705461574197,1,4,1,2,0,0,1,3,2,0,0,625007
269,2,1,17,1,13,1,4,1,1,1,2,4,0.060673695109765266,1,4,0,2,0,0,3,4,2,1,0,314514
177,5,1,8,0,7,0,2,1,0,4,1,1,0.05432327835088288,4,1,0,0,0,0,1,4,3,0,1,232141
209,1,1,48,1,0,1,4,1,1,1,1,4,0.04880540853440278,4,3,0,1,1,0,3,2,2,1,1,679002
268,1,1,28,1,9,1,3,1,1,1,4,2,0.0494844358059601,1,4,1,1,0,1,4,2,2,0,0,173285
133,5,1,12,0,17,1,1,0,0,1,4,4,0.06331861770791185,3,3,0,2,0,0,2,2,2,0,0,375079
201,1,1,46,2,15,1,1,1,1,1,2,2,0.07626449929608932,4,1,0,1,1,1,1,2,3,0,1,596407
189,1,1,16,3,7,1,3,0,0,2,2,2,0.025475099547142888,3,4,1,1,0,0,2,4,1,0,0,668323
227,1,2,44,3,0,1,3,1,1,1,1,1,0.021170158856631215,4,3,1,1,0,1,4,3,4,0,0,488831
212,4,1,31,2,11,0,3,0,1,1,3,4,0.06834228754887221,4,1,1,2,0,0,3,4,1,1,0,982688
173,4,1,47,0,7,0,4,1,1,2,1,4,0.02649016325304556,3,3,1,2,1,1,4,2,2,0,1,521153
82,3,2,21,2,15,1,1,0,0,2,2,1,0.07920180776482542,3,4,0,2,1,1,2,1,3,0,1,380684
210,2,2,3,1,17,0,3,1,1,4,3,2,0.05716089493753024,1,2,1,0,0,0,4,4,4,1,0,697768
238,5,2,4,0,3,1,4,0,0,3,4,4,0.059051983715248446,4,3,0,1,0,0,4,1,2,1,1,935134
228,5,1,36,0,5,0,3,0,1,1,2,1,0.03193350217628104,2,2,1,0,0,0,3,1,4,1,1,178283
220,5,3,40,0,11,1,2,0,1,1,2,2,0.03441873861780047,2,4,0,2,0,1,2,2,4,1,0,831401
150,3,3,48,3,8,0,2,1,1,1,3,1,0.05956101818595501,4,2,1,0,0,1,2,4,1,0,1,867113
61,4,2,12,2,14,1,1,0,1,4,2,4,0.07458361027605181,4,1,1,1,0,1,2,3,2,0,1,570449
116,3,3,33,0,15,0,4,0,1,1,2,1,0.07894343327105399,4,2,1,1,1,1,1,4,4,1,1,246293
114,5,2,44,0,11,1,2,0,1,3,2,3,0.03188185679786562,3,3,0,2,0,0,4,3,1,0,1,416925
210,2,1,21,0,13,0,2,0,0,2,2,2,0.02804717736258741,2,3,0,2,0,0,2,3,3,1,1,631375
217,1,3,22,2,12,1,4,1,0,4,2,3,0.023384081465647428,2,2,0,0,0,0,4,2,4,1,1,384933
123,4,1,2,3,1,1,3,0,0,2,2,3,0.07209782108967967,2,1,1,2,1,0,3,3,2,0,0,549239
92,4,3,41,1,2,1,4,0,1,1,2,2,0.03768289081138813,4,4,0,0,0,1,3,4,3,0,0,526616
93,3,1,33,3,9,0,3,0,0,1,2,2,0.0201087220321551,3,2,1,1,1,1,1,4,4,1,0,757559
78,4,3,31,0,8,0,2,1,1,1,4,1,0.03342908516338573,4,3,1,1,0,0,1,1,4,0,1,278388
190,5,1,44,3,19,0,2,0,0,3,2,2,0.04042646480596511,1,3,1,1,0,1,3,3,2,1,0,973705
61,5,1,48,3,7,1,2,0,0,3,4,3,0.07945917016980111,1,2,0,1,0,0,2,2,4,1,1,545278
144,3,3,20,1,9,0,1,0,1,4,4,3,0.0514124956314249,2,2,1,1,0,1,3,2,2,1,1,215310
95,5,1,45,2,18,1,1,0,1,2,1,4,0.03228283685570608,4,2,0,0,0,1,4,4,2,1,0,564825
179,2,1,43,2,2,0,1,1,0,1,1,2,0.04008910068280706,1,4,1,1,0,1,1,3,2,0,1,247816
292,3,1,20,3,4,0,4,0,0,1,4,3,0.03981846125341271,1,3,1,0,1,1,1,2,2,1,0,569311
291,2,3,43,3,2,0,2,0,0,1,4,4,0.02118354478779053,4,3,1,1,0,1,3,3,4,1,1,286589
84,1,3,10,2,15,0,2,1,0,1,2,4,0.028110983250285805,3,3,0,0,0,1,2,3,3,1,0,198231
264,2,1,38,2,16,1,4,1,1,3,1,1,0.06171178758219267,4,4,0,0,0,0,2,1,3,0,0,804225
130,1,1,3,1,14,0,1,1,0,2,3,3,0.02721505919424408,4,1,1,0,1,1,4,2,1,1,0,567153
139,1,3,0,0,2,0,4,0,1,2,1,1,0.03384405659636713,3,3,0,2,0,0,1,1,2,1,0,832555
57,2,3,27,3,11,1,1,1,1,4,4,3,0.041044237904258526,2,3,0,0,1,0,3,2,4,0,1,600642
142,3,1,23,2,8,1,2,0,0,3,4,1,0.06546409667013763,2,1,1,0,0,0,3,3,4,1,0,638182
203,5,1,34,3,11,0,3,1,1,1,2,1,0.05494405789207639,2,4,1,1,0,0,1,2,1,1,1,522376
251,5,1,12,3,14,0,1,0,0,2,2,2,0.06133999909931409,3,1,0,0,1,0,3,4,3,1,0,415239
139,1,2,46,2,1,1,2,1,1,2,1,1,0.05402073952521033,1,1,1,0,1,0,1,3,4,1,0,653560
211,1,3,33,1,17,1,2,0,1,3,2,2,0.06101554551331215,3,1,1,2,0,1,2,2,1,0,0,678309
164,3,2,10,3,19,1,3,1,0,4,3,4,0.02017052921983835,4,1,0,1,1,1,2,1,3,0,1,321120
154,4,3,35,1,11,0,2,0,1,4,3,3,0.07585388866228576,3,4,0,2,1,1,3,1,4,0,0,133645
184,2,3,16,2,3,0,2,0,1,1,2,4,0.02665521385248839,1,4,1,2,0,0,2,3,2,1,0,998511
245,1,3,34,0,15,0,1,0,0,4,3,3,0.04437494575861429,1,1,0,2,0,0,2,1,1,0,1,121179
107,5,3,17,0,15,1,1,0,1,2,3,4,0.06626230221469129,4,2,0,0,0,0,4,3,4,0,0,634979
294,3,3,39,3,0,1,3,0,1,4,1,3,0.04611384308056543,2,2,1,2,1,1,1,3,1,1,1,753724
163,2,3,21,2,1,1,3,0,0,1,3,1,0.07681055310005094,1,2,1,2,0,1,1,3,1,0,0,360005
286,3,3,23,1,2,0,2,0,0,2,4,3,0.048055336909926,1,2,1,1,0,1,3,2,1,0,0,312718
124,2,2,18,3,19,1,1,0,1,4,4,3,0.07249636433616027,1,3,1,1,1,0,1,3,2,0,0,331899
206,2,1,36,2,16,0,3,1,1,4,1,4,0.06864968680173625,4,4,0,1,1,0,4,1,3,1,1,407455
169,1,1,38,2,19,1,3,0,1,3,2,4,0.07885917816792098,1,4,0,1,0,0,3,4,3,1,0,457525
213,3,2,20,1,0,0,4,0,0,1,1,4,0.07559286684505852,2,1,1,2,1,1,3,2,4,0,0,270110
266,3,2,7,3,19,0,3,1,1,4,2,2,0.07388743008277272,4,3,1,1,1,0,1,1,2,0,0,911399
70,5,2,27,2,5,1,2,0,1,3,2,2,0.0638962604311681,2,1,1,0,1,0,2,3,3,1,1,652766
298,5,2,4,2,14,0,1,1,1,2,2,3,0.04201988883609324,1,1,1,2,0,0,2,3,4,1,1,548991
213,1,3,16,2,13,1,3,0,1,3,2,3,0.026367525113894147,1,4,0,1,0,0,2,4,4,1,1,402476
187,1,1,36,1,19,0,4,1,1,3,2,1,0.06131870313586339,2,3,0,2,0,1,2,1,1,1,1,925745
150,4,3,35,3,14,1,1,1,1,4,1,1,0.0787192448802779,4,2,1,1,1,1,4,2,2,0,1,692145
250,5,1,18,3,13,1,3,0,0,4,2,3,0.06359626623991213,4,4,1,2,0,0,3,1,3,1,1,145900
201,2,1,26,3,4,0,4,1,0,4,3,2,0.07572376215664013,2,3,0,1,0,0,2,3,2,0,0,321141
241,3,2,33,3,5,1,3,0,1,3,3,3,0.06825828277733101,1,3,0,0,1,1,4,2,2,1,0,226861
276,1,3,10,0,16,0,1,0,1,2,2,1,0.029786880507000728,3,4,0,1,1,1,3,3,3,1,0,665386
226,3,2,44,0,10,1,1,0,0,1,3,2,0.03495222623547724,2,4,0,2,0,0,1,3,3,1,0,632582
148,3,3,46,3,15,1,1,0,0,3,4,2,0.040511936105741025,2,1,1,2,1,1,1,1,2,1,0,817940
289,4,1,11,1,11,1,2,1,0,4,1,1,0.030095626660280247,2,1,0,0,0,1,4,4,4,0,1,269173
85,5,2,20,0,14,1,3,0,1,1,1,3,0.054899079960380404,1,1,0,2,0,0,3,3,2,0,1,256131
259,1,2,10,2,3,0,2,1,1,2,2,4,0.07852703144809707,4,2,0,0,0,1,2,1,3,0,1,983216
290,3,1,38,0,17,1,1,1,1,1,2,3,0.06568753000616952,1,4,1,2,1,1,3,2,2,1,0,927058
280,1,1,27,2,2,1,4,0,1,4,4,3,0.04540320494404771,2,3,1,2,1,1,2,4,3,0,1,644991
145,2,1,4,3,7,0,3,0,0,3,2,1,0.02027026885881732,1,4,0,0,0,1,4,3,4,1,0,990125
201,4,2,16,0,2,0,2,0,0,3,3,2,0.03879656066829072,1,3,0,2,0,0,2,3,2,1,1,554633
200,2,3,19,1,7,0,3,0,0,4,4,1,0.05160555726153292,2,2,1,2,0,1,4,2,4,0,0,871896
239,1,2,40,0,17,0,4,1,0,3,3,3,0.039455052431118236,1,4,1,0,0,1,3,1,2,1,1,814588
273,1,3,45,0,9,0,2,0,1,4,1,4,0.02666209538143157,3,3,0,1,1,0,3,3,2,1,0,758565
86,5,2,11,0,19,0,1,1,1,3,3,4,0.04656589741171367,1,3,1,0,0,1,2,2,3,0,1,528145
61,3,2,5,3,16,1,2,0,0,3,1,4,0.03519516901794297,1,1,0,2,0,0,3,3,1,1,0,835882
162,3,1,16,1,7,0,3,0,0,3,3,1,0.07455394258769009,4,2,1,1,1,0,2,1,3,1,1,635916
232,2,3,18,0,10,1,3,0,0,2,1,2,0.026105271710060943,4,4,0,1,0,1,3,4,2,0,0,727943
62,4,2,25,1,4,0,3,0,0,2,2,1,0.022949157723482622,2,1,0,1,0,1,1,1,1,0,0,301161
72,3,2,47,3,12,1,3,1,0,4,3,4,0.020318850149291724,2,2,1,0,0,1,2,1,1,1,0,368662
266,5,1,43,2,4,1,1,1,1,2,1,3,0.039684181069139464,4,1,0,1,0,1,4,1,4,0,0,269563
148,2,1,43,0,12,1,2,0,1,4,3,2,0.05962321029205332,3,4,1,1,0,1,1,2,2,1,1,239018
154,2,3,31,1,5,0,1,1,0,1,4,1,0.06382482517290756,1,3,1,1,1,0,4,3,3,0,1,624898
79,5,2,5,1,4,0,1,1,0,1,2,1,0.047195701002903385,3,4,1,2,1,1,3,4,1,1,1,563054
66,4,3,35,3,8,0,1,0,0,2,1,2,0.061059719027315995,3,2,0,0,1,0,1,2,1,0,0,396455
162,5,2,37,0,15,0,3,0,1,1,4,2,0.04159484217292181,4,4,0,0,1,1,3,1,3,0,1,226419
111,4,3,10,2,1,1,3,1,1,1,3,3,0.060068373199197014,2,2,0,2,0,0,2,4,3,1,0,886289
133,5,1,32,1,0,0,3,1,1,3,4,2,0.022435759118142405,1,1,1,1,1,1,4,1,1,0,1,330842
161,5,2,23,0,7,1,2,1,0,3,3,3,0.04344517907402025,2,2,0,2,1,1,3,1,3,0,0,928308
266,1,3,22,2,18,1,4,1,1,4,2,4,0.06745098065799075,3,3,0,2,1,1,4,1,4,1,1,573408
135,2,1,14,1,10,0,3,0,0,1,4,4,0.06818036182754007,3,3,0,1,1,1,4,4,1,0,0,335612
190,5,1,26,1,11,0,2,0,1,4,2,1,0.06296892673254167,2,3,0,1,1,1,3,3,4,0,0,343095
236,5,3,10,2,11,0,3,1,1,4,1,4,0.032254317234191865,2,1,1,0,1,0,2,1,2,0,1,936765
68,3,2,49,2,6,1,3,0,1,1,3,4,0.034832307135837993,4,2,0,1,1,1,4,3,4,1,1,623111
226,2,2,16,3,12,0,1,1,0,2,3,3,0.07976532363587073,2,1,1,2,1,1,3,4,3,0,1,806658
149,3,1,13,0,7,1,1,1,0,1,2,1,0.026202680432117594,2,4,1,2,0,1,2,4,1,1,0,446336
189,2,2,26,0,8,0,1,0,1,3,2,2,0.03083976193414456,4,4,1,1,1,0,3,1,4,1,0,666099
238,3,2,17,3,6,1,2,1,0,1,1,1,0.027801575339007956,2,4,1,0,0,1,2,3,3,0,0,694360
282,5,2,27,1,14,0,4,1,0,2,4,4,0.03965929782101693,3,4,0,2,1,0,4,3,3,1,1,739695
196,5,1,46,2,1,0,4,0,0,4,3,2,0.0326105501140354,2,3,0,1,1,1,1,1,4,1,0,350440
125,1,3,46,2,19,1,2,0,0,4,3,1,0.049861277572866326,1,2,0,0,1,0,3,2,1,1,1,142974
58,3,2,3,2,11,0,3,1,0,3,1,1,0.048561242412807196,3,3,1,0,0,1,4,2,4,1,0,775216
248,4,1,6,1,0,0,2,1,0,3,1,1,0.07409033716707819,4,2,0,2,0,1,3,4,2,0,1,595162
77,1,1,44,2,7,0,3,0,0,3,2,1,0.02208439684668689,3,2,1,2,1,0,3,4,4,0,0,706271
255,3,3,34,2,4,0,2,1,1,4,2,3,0.0391927746000658,4,1,0,0,0,1,2,2,4,0,0,407967
272,3,2,47,3,14,0,2,1,0,3,4,1,0.05579947351982541,1,4,0,0,1,0,3,2,1,1,1,461007
177,1,2,8,1,0,0,2,0,0,1,1,4,0.05628810571063783,1,2,0,0,0,1,2,2,4,1,0,877494
101,5,3,7,0,0,0,4,0,1,4,4,4,0.04880757374085255,3,4,1,1,0,1,4,1,3,0,0,986469
132,3,3,44,3,9,1,1,0,1,2,1,3,0.06893993244887803,2,4,0,2,0,0,3,1,1,1,1,567613
299,5,1,16,3,9,1,2,0,1,4,3,2,0.023763330284867528,3,4,1,0,1,1,4,1,3,0,0,316886
160,1,1,16,0,14,0,4,0,1,1,1,2,0.06892926593480815,3,3,1,2,0,0,1,1,1,1,1,167078
193,5,3,48,3,16,0,1,0,0,1,1,4,0.04968525442614222,1,4,1,2,0,0,4,1,2,0,1,994199
166,2,2,32,1,5,0,1,1,1,3,3,4,0.02802564170462013,4,2,0,2,1,1,3,1,2,0,0,692239
118,4,1,31,2,2,1,2,1,1,4,1,3,0.07314211481242866,3,3,0,0,0,1,1,4,2,0,0,995719
148,3,1,7,1,12,1,3,0,0,4,4,2,0.058953726772457804,2,4,1,1,1,1,2,3,4,1,0,243977
189,4,2,18,0,15,0,3,0,0,4,2,2,0.029812741209448358,1,1,1,0,1,0,1,4,2,0,1,613994
74,5,1,37,0,7,1,3,1,0,2,2,1,0.022018983403941598,3,4,1,2,0,0,3,3,1,1,0,908033
229,3,2,2,3,14,0,2,1,1,3,4,1,0.028466578899958954,3,4,1,0,1,1,3,4,2,1,1,203691
172,5,2,4,1,16,0,3,1,0,1,3,1,0.05652787761082362,2,3,1,0,0,0,4,4,1,0,0,318171
262,2,2,12,1,16,0,4,0,1,1,1,3,0.030757774115602907,3,2,0,2,0,0,2,1,3,0,0,796315
277,1,3,46,0,12,0,4,0,0,3,4,4,0.03354578449250169,3,4,0,2,1,0,3,1,4,1,1,303251
102,3,3,45,1,16,1,4,1,0,1,2,3,0.021508383545378852,3,3,0,0,0,0,3,3,3,1,0,672723
200,2,3,30,0,5,1,4,0,1,1,2,2,0.06337584033431622,3,3,1,0,0,1,2,3,3,0,0,373390
193,2,2,15,1,16,0,1,0,0,3,4,4,0.06862186398556622,2,2,1,0,1,1,2,1,2,0,0,364602
106,3,2,49,1,15,1,4,0,0,1,2,1,0.06781089060632739,3,3,0,0,1,1,4,4,2,1,0,619161
88,5,3,31,1,13,1,3,1,0,4,4,3,0.027654089081857056,3,2,0,1,0,0,1,3,2,0,0,289579
158,2,1,21,0,12,0,2,1,0,2,2,3,0.07419806764332555,3,1,1,0,1,0,2,2,3,0,1,106028
230,4,2,28,3,5,1,3,0,0,3,4,1,0.0603367297684448,1,4,1,1,1,0,3,2,4,0,0,334823
91,2,1,21,1,2,0,4,0,1,2,1,3,0.07385171734261187,2,3,1,2,1,0,2,2,4,0,1,219247
235,5,1,42,0,13,0,1,0,1,1,1,1,0.04682963027183981,1,1,0,1,1,1,3,3,3,1,0,414045
216,5,2,2,0,13,0,4,0,0,1,1,2,0.046217291665021865,1,3,1,2,0,0,4,1,4,1,0,331324
191,4,2,9,1,14,0,2,0,1,4,1,4,0.06707219112109372,2,3,1,1,0,0,1,1,3,0,1,761666
272,2,1,41,1,7,1,3,1,1,3,2,2,0.02559787132860461,1,1,1,2,1,1,4,1,3,0,0,992987
171,5,1,20,3,14,0,2,0,1,1,3,2,0.05125244219809315,1,3,0,0,0,1,2,3,4,1,0,599612
182,3,3,15,0,12,1,2,0,0,3,4,1,0.07018305413787354,1,3,1,1,1,1,3,3,1,1,1,914110
212,1,3,11,0,16,0,2,0,0,3,3,3,0.06981155378417428,2,1,0,1,1,0,2,2,1,1,1,976876
264,1,2,1,2,2,0,3,1,0,3,2,2,0.07736797138054213,3,3,1,2,0,0,2,3,2,1,0,374507
270,1,3,40,0,5,1,4,1,1,3,2,2,0.06189635561183279,4,2,1,2,0,0,2,2,4,1,1,769426
284,2,3,23,3,4,0,2,0,1,3,3,2,0.0324662377663837,4,3,0,1,0,0,2,2,2,0,1,163804
124,4,3,34,2,16,1,3,1,0,2,3,3,0.021216818893674848,2,4,1,2,0,0,1,1,3,0,1,214433
195,5,3,29,2,1,1,1,1,0,4,2,3,0.04876494791762612,4,3,0,0,1,0,3,3,1,1,1,148544
288,3,1,29,2,14,0,3,1,1,3,2,1,0.05082223193735333,2,4,1,1,1,1,2,1,4,1,0,984679
125,3,2,46,1,4,0,1,1,1,2,4,2,0.03441575506993588,2,4,0,0,0,0,3,1,4,0,0,100189
58,2,3,34,1,19,0,3,1,0,1,1,4,0.027481846827416192,4,3,1,1,1,1,1,3,4,1,1,898184
123,1,1,18,0,5,0,4,1,1,3,1,3,0.05517248997143054,1,1,0,0,0,1,3,3,1,1,0,351768
235,2,1,49,2,5,0,2,0,1,1,4,1,0.06585534044144847,3,2,0,1,0,1,3,4,2,0,1,107482
285,4,1,7,3,17,0,4,1,1,3,3,2,0.07958924621540964,4,2,1,2,0,0,1,2,1,0,0,903111
194,4,3,25,1,17,1,3,1,1,2,2,4,0.06549815703263111,4,3,0,1,1,0,2,4,2,0,0,880788
279,5,3,48,3,3,1,2,0,1,2,3,3,0.06761794485533486,4,1,1,0,1,1,3,2,3,0,1,583304
56,5,2,39,3,16,0,1,0,1,2,1,4,0.05698765269372785,4,1,0,1,0,0,4,2,3,1,1,625087
223,4,3,6,1,13,1,3,0,1,4,1,3,0.07915535953820106,2,2,1,0,0,0,3,2,2,0,0,745979
190,4,3,29,1,13,1,2,0,0,1,3,1,0.05839738310687423,2,1,1,0,0,1,2,1,3,1,0,503150
217,4,1,6,1,12,0,1,1,0,4,1,4,0.07161519718398225,3,3,1,0,0,0,4,1,3,1,0,419702
219,2,2,2,1,6,0,1,1,1,3,2,2,0.07674707877445734,3,3,1,2,1,0,2,3,4,1,1,421367
186,4,3,0,2,11,1,4,1,1,1,4,2,0.07579151003003366,4,1,0,1,1,0,3,2,4,1,0,839980
227,3,3,35,2,14,0,3,1,1,2,3,3,0.04288492062700139,4,3,1,0,0,0,1,2,1,0,1,403700
76,1,1,24,2,18,1,1,0,0,1,2,2,0.02471972349885552,4,4,1,2,0,1,2,2,1,1,1,503125
171,4,1,36,2,10,0,2,1,0,2,2,4,0.030312422152354808,3,2,1,0,1,1,2,1,1,1,1,191467
243,1,3,0,0,14,1,1,1,1,4,1,1,0.023553398323796448,4,3,1,1,0,0,1,3,4,1,0,997151
54,2,2,14,2,11,1,1,0,0,4,2,3,0.026323816089748403,1,1,1,2,1,0,3,1,1,0,1,715692
78,1,2,36,1,2,1,4,1,1,2,3,4,0.031079074753621858,3,2,0,0,1,0,2,4,1,0,0,143558
214,2,1,12,3,16,1,4,1,1,2,2,3,0.040465658995244104,1,3,1,0,0,1,3,4,4,0,1,834742
215,3,1,39,2,2,0,2,1,1,3,4,1,0.05261237879450455,4,2,0,0,1,0,3,4,2,0,0,318865
132,2,3,7,0,18,0,4,1,1,4,2,3,0.06270092356130516,2,1,0,1,1,0,3,3,4,0,0,521229
185,2,1,4,1,19,1,1,0,1,4,2,2,0.03265564016639071,1,4,1,2,1,1,1,4,2,1,1,203018
289,5,3,8,3,3,1,1,0,1,3,4,2,0.060351344254288355,3,4,1,2,1,0,3,3,4,0,1,253947
158,4,2,0,3,2,0,4,0,1,4,2,3,0.06225554447014518,1,3,0,2,0,1,3,1,1,1,0,321325
114,4,2,35,2,15,0,1,0,0,2,2,1,0.05351734021197137,3,4,0,0,1,0,4,1,3,0,0,635696
135,3,3,34,3,11,1,1,0,1,1,1,1,0.07421707218792263,4,3,0,2,1,1,4,3,3,1,1,135607
293,3,1,1,2,7,1,2,1,0,1,3,2,0.02665968883530864,1,2,1,0,1,0,4,1,2,0,1,161684
194,4,2,39,2,16,1,4,1,1,4,1,1,0.03062728745614517,2,3,0,1,0,0,2,1,2,1,0,529497
120,5,1,22,1,6,1,1,0,1,3,3,3,0.04571988946336909,1,3,0,2,0,1,2,3,2,0,0,913758
266,4,2,8,1,10,1,4,0,0,2,4,4,0.02760276411405433,2,3,1,0,0,1,4,4,3,1,1,637889
94,5,3,33,0,17,0,2,0,0,1,4,3,0.05397776862344525,3,4,0,2,1,1,1,3,2,1,0,748882
181,3,3,45,1,0,1,4,1,1,2,4,2,0.04390402799656547,4,3,1,2,0,1,1,2,4,1,1,887567
85,1,3,13,1,2,0,1,0,0,4,3,2,0.0370757476721551,4,1,0,1,0,1,4,1,4,1,1,778101
119,3,2,3,2,3,0,4,1,1,4,3,2,0.030199388781058236,2,3,1,2,0,0,2,3,3,1,1,636201
208,3,1,29,1,12,0,1,1,1,1,3,1,0.04012029430089262,3,2,0,1,1,1,2,1,4,1,1,110101
68,2,1,30,2,5,1,1,1,0,4,4,3,0.05647756104994052,4,1,1,2,0,1,1,4,2,0,0,249703
238,2,1,37,2,13,0,1,1,0,3,3,4,0.05454711265336469,3,2,1,2,0,1,3,1,3,0,1,827444
157,2,2,10,1,4,0,2,0,0,4,2,3,0.02981744001261403,2,2,0,2,0,1,1,3,2,1,1,727108
231,2,2,34,0,15,0,4,1,0,4,1,4,0.027495188644438007,2,2,1,2,1,0,3,4,4,1,0,530086
216,5,2,7,0,14,0,2,1,1,4,4,3,0.021600605756532353,1,1,0,2,1,0,2,4,2,1,0,804345
140,4,2,2,3,14,1,4,0,0,2,1,2,0.020745535627635935,4,1,1,2,0,0,2,4,3,1,1,520431
251,1,2,13,3,3,1,2,1,0,2,2,4,0.07278862614318111,4,4,1,1,0,0,4,2,2,1,1,884669
139,3,1,12,1,7,0,3,1,0,1,3,3,0.022705331360323395,1,1,1,1,0,0,2,3,4,1,1,686398
68,5,2,44,0,15,0,1,1,0,1,1,1,0.06387326659239477,2,3,1,0,1,1,3,3,1,1,1,858175
88,1,2,31,2,15,1,1,0,0,1,2,1,0.07231910577469743,2,2,1,2,1,0,1,4,3,0,1,119215
175,5,1,33,3,3,1,2,1,1,4,2,3,0.025883470913747455,2,4,1,1,0,0,4,1,2,1,1,846478
244,5,2,44,2,12,1,3,1,1,2,1,2,0.04617808542998106,2,1,1,2,1,1,3,4,3,1,0,769384
222,3,1,18,3,12,0,1,0,0,3,4,4,0.0777381789904566,3,2,0,2,0,1,1,2,2,0,0,176949
190,4,1,37,1,1,1,4,0,0,4,1,3,0.0700483196314151,4,1,0,1,1,0,1,4,1,0,1,968287
291,2,3,15,0,2,0,2,1,1,4,4,1,0.0493822419114713,4,4,1,2,0,0,1,3,4,1,0,800843
269,4,3,1,3,7,0,1,1,0,4,3,4,0.06575426676749317,2,1,1,1,1,1,2,4,2,0,0,992711
175,3,3,39,0,14,1,1,0,1,3,4,1,0.07000265746589983,2,1,1,1,0,0,1,1,2,0,1,852932
107,3,3,16,2,10,0,2,1,1,1,3,1,0.040881617791323155,2,2,0,0,1,1,2,3,1,0,0,309229
197,3,2,33,1,8,1,2,0,0,3,1,3,0.07352917501219765,4,3,1,0,0,1,1,1,3,1,0,503727
269,1,3,41,0,6,0,4,1,1,1,3,1,0.048228399180629405,4,1,0,0,0,0,1,4,4,1,1,746186
249,4,1,15,1,12,1,4,0,0,3,2,4,0.051668441813529795,2,4,1,0,0,0,2,3,2,0,1,765918
110,4,2,37,0,1,0,1,1,0,2,3,2,0.07998245826930986,3,1,1,2,0,0,2,2,2,1,1,590987
176,5,3,1,2,7,0,1,0,1,4,4,3,0.07059817796912968,1,1,1,2,1,1,3,3,4,1,0,624814
154,5,1,1,2,6,1,2,0,1,4,4,4,0.0417062003463788,1,3,1,0,0,1,1,1,1,1,1,610711
216,5,2,25,1,11,1,1,0,0,4,4,3,0.020620735788362,1,2,1,1,1,0,2,3,3,0,0,617291
50,3,2,12,2,18,1,1,0,1,1,3,1,0.05757044442763368,4,4,0,1,1,0,3,2,4,0,1,626041
180,4,3,46,3,6,1,2,0,0,3,4,1,0.06223480556768647,4,2,1,1,0,0,3,2,3,0,1,519464
254,3,2,30,0,9,0,1,1,1,2,4,4,0.05904816140860278,1,2,0,1,0,1,2,2,1,0,1,901088
141,1,1,33,2,15,1,1,1,1,3,2,4,0.07807174106979278,1,2,0,2,0,1,1,2,1,1,1,385410
239,5,2,38,3,2,1,3,0,0,4,3,2,0.07177826163992865,3,1,1,1,0,1,3,1,4,1,0,688843
298,3,1,2,1,9,0,4,1,0,2,2,4,0.046929901590838916,4,3,1,1,1,0,1,3,2,1,0,162995
240,3,2,7,3,5,1,2,1,0,2,4,4,0.023771449248342857,4,1,1,0,1,1,1,4,1,0,1,314646
162,1,3,22,1,17,1,3,1,1,4,4,3,0.04856352617011982,1,4,0,1,1,1,3,2,1,0,0,702565
202,2,1,13,1,17,0,4,1,0,3,4,1,0.06135464119772138,3,3,0,2,1,0,2,4,4,1,1,563593
105,4,2,26,0,4,1,4,1,0,4,3,4,0.05646258849362028,3,2,0,1,0,1,1,4,4,0,1,726633
210,2,2,28,0,6,1,4,1,1,3,1,2,0.052288224062653085,1,3,1,1,1,0,4,3,4,0,0,458255
215,5,2,38,3,1,1,3,0,1,2,4,4,0.04812913748091448,1,4,0,2,0,1,2,4,1,1,0,689690
166,3,1,38,0,10,1,3,1,0,2,4,1,0.03762571238164318,4,1,0,0,0,0,3,4,3,0,1,354799
183,1,1,0,0,12,1,4,1,0,4,4,4,0.036640805703477754,1,1,0,2,1,0,4,1,1,0,1,485891
107,1,1,16,0,4,1,1,1,0,2,4,3,0.050013888735548115,2,2,1,0,1,1,1,4,4,1,1,272805
93,4,3,40,3,5,0,1,0,0,1,3,1,0.029636188785778943,3,1,0,1,1,0,2,3,2,0,0,638706
222,2,3,29,2,13,1,3,1,1,2,1,4,0.04044112541448809,1,1,0,0,1,1,4,4,2,1,1,354494
209,4,1,12,0,11,0,3,1,1,1,1,3,0.039438756482605974,2,4,1,0,1,0,2,3,4,1,1,399329
222,3,2,20,0,3,0,3,1,0,2,1,1,0.05522796809505205,3,3,1,0,1,0,1,2,2,0,1,141745
110,4,3,18,3,5,0,4,0,0,4,4,4,0.024000938021781475,2,1,1,1,0,0,2,4,1,1,1,848777
96,1,1,18,2,9,0,1,1,0,4,4,3,0.0697801208159057,2,4,0,0,0,1,4,4,3,0,1,809147
198,1,2,24,0,17,1,3,0,1,1,1,2,0.053742702823064134,1,4,0,0,0,0,2,4,1,0,1,966555
129,5,3,21,1,14,1,3,1,0,4,1,3,0.06024960084655612,3,2,0,1,1,0,3,2,4,0,0,807395
167,5,2,30,3,7,1,2,0,0,2,4,2,0.06218563422556597,2,4,1,2,0,1,3,1,1,0,1,449948
262,3,2,16,0,8,0,4,0,1,2,4,4,0.03748904821055219,4,2,0,2,0,0,4,4,2,0,1,530569
252,2,2,22,0,4,1,2,0,1,4,2,3,0.04822229404309199,3,1,1,2,0,0,2,3,1,0,0,473199
278,4,2,31,1,9,1,1,1,0,2,2,2,0.07737475735218004,4,2,1,1,0,0,4,1,3,0,0,219097
213,3,3,9,1,19,1,2,0,0,3,2,1,0.06600231427980889,1,4,0,1,0,0,2,1,2,0,1,148302
276,5,3,9,3,5,0,2,0,1,3,1,3,0.07817341251339112,4,3,0,2,0,1,1,1,3,0,0,746849
196,4,3,35,3,15,0,2,0,0,2,3,4,0.0647752607087773,3,3,0,0,1,0,3,4,3,1,1,832339
69,5,1,7,1,2,1,4,0,0,4,4,1,0.030536008382511044,2,1,1,2,1,0,1,2,3,1,0,515651
234,4,3,19,3,9,0,1,1,1,1,2,2,0.023872153030680576,2,1,1,1,1,1,2,2,1,0,0,682016
195,2,2,31,1,10,0,2,1,1,4,3,3,0.05465968620317982,3,3,0,0,0,0,1,4,1,0,1,985030
96,3,3,49,0,10,1,4,1,1,1,4,3,0.04146879678215658,2,2,1,0,1,0,4,3,1,0,0,887670
282,4,2,13,1,16,0,1,1,0,4,3,4,0.036527474608290214,4,1,0,1,1,1,4,3,1,1,1,311929
98,1,1,49,1,3,0,3,0,1,2,1,1,0.06843265978552505,2,4,0,0,0,1,2,3,2,1,0,968042
63,1,2,27,2,3,1,2,1,1,3,1,3,0.04201959602491684,2,1,0,2,1,1,3,4,1,0,1,244121
192,4,2,45,1,16,0,1,0,0,4,1,3,0.03902005818405824,4,2,1,1,0,1,4,2,2,0,0,681481
208,4,2,23,1,8,0,2,1,0,1,2,1,0.07099925559014063,4,1,1,1,1,0,3,4,3,0,1,790944
50,4,1,14,2,18,0,3,1,1,3,4,3,0.0707772401891876,4,4,0,1,0,1,2,2,2,1,1,428778
166,1,3,21,3,4,0,1,1,1,1,1,1,0.041381998265303394,1,4,0,1,0,0,3,1,4,0,1,638967
103,1,3,29,2,5,0,4,0,0,2,2,1,0.06994992205915797,4,4,1,0,1,1,2,4,1,1,1,396649
167,4,1,3,0,2,0,1,1,0,3,2,1,0.07104670941995962,4,2,0,1,0,0,1,2,4,1,0,413485
52,5,2,12,2,0,0,4,1,1,1,2,4,0.045435832101779976,1,2,1,1,1,1,2,1,2,0,1,594285
193,5,3,22,0,19,0,1,1,1,4,2,1,0.023988387812550294,2,4,0,0,0,1,1,1,1,1,0,674662
264,2,1,7,3,15,1,4,0,0,2,1,1,0.020095078667980406,4,4,1,1,1,0,2,4,4,0,0,933430
234,3,3,17,2,10,1,3,1,1,2,2,2,0.0513975477733397,3,2,0,0,1,1,4,2,1,1,1,286773
252,5,1,11,2,12,1,3,1,0,2,1,2,0.04064452960222134,4,2,1,0,0,1,4,1,2,1,1,275931
61,1,2,30,3,9,1,3,0,1,4,1,4,0.07982791364950195,4,2,0,1,1,1,3,4,4,0,0,489347
123,5,3,13,0,2,0,1,0,0,4,2,1,0.06634465997763705,1,3,1,2,1,0,2,1,2,0,0,657466
273,2,1,33,2,8,1,3,1,0,3,1,2,0.06567652738102475,3,2,1,1,1,1,2,3,4,1,0,512545
65,2,3,17,0,11,1,2,1,1,4,4,2,0.07731456609724062,2,4,1,2,0,1,2,4,3,1,1,550470
249,3,3,33,2,13,0,3,1,1,3,4,3,0.07326346387359925,2,3,1,0,0,0,3,1,3,1,1,334162
151,5,3,10,1,0,0,4,0,0,2,3,1,0.03909124876738332,3,2,0,2,1,0,4,4,3,0,0,469517
253,1,3,40,2,17,0,4,0,1,3,4,2,0.029959233296232582,4,4,1,1,1,1,2,4,3,0,0,608690
201,1,1,11,3,16,0,4,0,1,1,1,4,0.06475353590392893,1,1,1,1,0,0,3,2,3,0,0,315101
205,4,2,48,3,8,0,1,1,1,2,1,3,0.04269643362097238,3,3,0,2,0,0,2,2,2,0,1,318438
166,1,1,14,0,8,1,2,0,0,2,4,3,0.04839035909785738,3,4,1,1,1,0,1,1,3,1,0,728427
57,3,1,30,2,9,0,3,1,1,3,2,1,0.057823863876489606,2,1,0,2,0,1,2,4,2,1,0,200290
171,3,1,48,0,18,1,2,0,1,2,2,1,0.07447236061611444,1,4,1,0,0,1,1,4,3,1,0,600590
141,1,2,28,0,14,1,2,0,0,4,1,3,0.045145265220257955,3,2,1,2,1,0,3,3,1,1,0,271140
213,1,3,25,1,4,0,4,0,1,1,2,4,0.06699901341316168,1,2,1,2,0,1,3,4,3,1,1,158951
139,4,3,17,1,14,1,4,1,1,3,3,1,0.03610038747647945,4,1,1,2,0,0,4,2,1,0,0,449773
185,1,3,31,3,19,1,4,1,0,3,3,1,0.06187830745541681,2,2,1,2,0,1,2,4,2,0,1,869212
235,4,2,21,0,1,0,1,1,0,2,4,3,0.020094765264674713,4,4,1,0,1,0,3,2,3,1,1,528387
109,4,3,37,3,12,1,2,1,1,4,4,3,0.07229043280943809,1,1,0,0,0,1,4,3,4,1,0,763622
227,1,2,16,2,15,1,2,0,1,2,2,1,0.02182277479726775,4,4,0,0,1,0,2,1,2,1,1,251857
77,2,3,22,0,14,1,1,1,0,2,1,2,0.06276522528575505,2,4,1,2,0,1,3,2,3,1,0,955263
269,2,3,23,0,9,0,1,0,0,3,4,1,0.022775491355677035,1,4,1,0,0,1,1,1,2,1,0,443367
150,4,1,49,2,13,0,1,1,1,2,3,2,0.03597474196364021,3,2,0,1,1,0,3,1,4,1,0,616857
90,1,2,7,2,9,0,2,1,1,1,4,3,0.04983214421339319,4,2,0,0,1,1,1,1,3,1,0,669931
277,2,1,40,3,13,1,2,0,1,2,4,2,0.04519632112089429,2,4,1,2,1,1,4,1,4,1,0,298729
241,1,1,5,3,8,0,4,0,0,2,3,4,0.03151016687606063,3,3,1,1,1,1,4,2,3,0,1,627870
204,1,1,4,2,13,1,4,1,1,3,1,3,0.040028894702554246,2,4,1,2,0,1,2,3,1,1,1,737069
295,1,2,43,3,2,0,2,1,0,2,4,1,0.06366238220365802,1,4,1,1,1,1,2,4,2,1,0,874245
240,5,2,28,2,19,1,4,0,0,4,4,1,0.0601554255547789,1,1,1,2,1,1,2,2,4,0,1,728292
194,1,3,27,0,15,0,1,0,0,3,4,3,0.024308875025834942,4,4,1,2,1,1,4,3,2,0,0,664288
250,5,1,10,0,1,0,3,0,1,2,2,3,0.06483894953437318,2,2,0,1,0,1,1,4,4,1,1,726880
210,4,3,0,1,9,1,4,0,1,1,4,4,0.023182752871821703,2,1,1,0,0,0,2,1,2,0,1,590424
294,2,1,42,0,2,0,2,0,1,1,3,3,0.05257558334598707,2,3,1,1,1,1,2,4,2,0,0,101085
261,2,2,18,2,10,1,4,1,0,3,1,1,0.03560376488253144,1,1,0,1,1,0,4,4,2,1,1,984426
254,2,2,8,3,10,0,4,1,1,3,1,4,0.055261407653589126,4,3,0,1,1,1,1,3,1,0,1,553017
269,2,2,26,1,12,0,4,1,0,2,3,1,0.035679703756454115,2,1,0,1,1,0,3,4,3,1,1,292811
289,2,1,33,3,6,1,3,1,0,4,2,2,0.07909747817754986,2,1,0,1,0,1,2,1,1,1,0,619362
206,2,2,43,2,16,1,1,0,0,2,3,3,0.03858369102365191,3,3,1,2,1,0,3,2,2,1,1,829541
190,2,1,3,0,1,1,2,0,0,1,1,2,0.03451763814046976,2,2,0,2,0,0,3,2,4,0,1,993546
95,4,3,35,1,11,0,3,0,0,4,3,1,0.03670791745492076,4,2,0,0,1,1,2,3,2,0,1,534812
84,1,1,17,2,9,1,2,1,0,4,2,2,0.07378837143555772,3,2,1,0,1,0,4,1,3,1,1,610252
183,3,3,14,1,17,0,2,0,1,4,1,2,0.058173129720160685,3,1,0,1,0,1,2,1,1,1,1,956842
131,5,1,12,1,10,1,2,0,0,2,2,1,0.06384104584524658,3,4,0,0,1,1,1,4,3,0,1,572519
164,3,3,18,0,15,1,3,1,1,1,3,1,0.07508063060566102,1,1,1,0,1,0,1,3,4,1,1,807548
246,3,2,48,2,16,1,1,1,0,3,4,3,0.07471234909070044,3,4,1,1,1,1,2,1,3,0,1,388969
96,1,3,5,3,18,1,2,1,1,2,3,2,0.06433675079472365,2,4,1,2,1,0,3,1,1,0,1,766273
202,1,2,47,1,17,1,1,0,1,3,2,4,0.03186946573047937,1,2,1,2,0,0,1,1,4,0,0,312823
243,1,2,11,1,2,1,1,0,1,4,3,4,0.07060239924050032,1,4,1,0,1,1,1,2,3,0,1,184269
59,2,3,36,3,15,0,4,1,1,4,4,1,0.03222656205146382,1,1,1,2,1,1,2,2,1,0,1,900764
105,4,1,16,2,5,1,3,1,0,2,2,1,0.06457392884590592,1,1,1,2,0,1,2,2,1,0,1,154895
79,2,1,22,1,11,0,3,0,0,1,3,2,0.06113618399269247,1,2,0,0,1,1,4,4,2,1,1,497648
291,4,1,25,1,10,1,4,1,0,4,2,1,0.0655333310084268,1,3,0,1,0,1,2,4,3,1,1,336641
158,4,1,28,1,14,1,4,0,0,3,2,4,0.05196114084282895,1,1,1,0,1,0,2,4,4,0,0,499319
54,3,1,32,2,14,1,1,1,1,3,1,3,0.058323570934953176,3,4,0,0,1,0,1,1,2,0,0,884118
168,3,2,26,2,15,0,2,1,1,2,1,3,0.07719920482605531,4,1,1,0,1,1,1,2,3,1,0,602532
297,4,1,24,3,9,0,3,1,1,3,2,2,0.026065315650452895,2,1,0,1,0,1,1,1,3,1,0,429711
82,4,2,9,2,11,1,2,0,0,1,3,3,0.0385308364868972,2,1,1,1,0,1,3,1,4,1,1,424857
167,2,2,46,2,12,0,2,0,1,4,3,1,0.05668142078590295,3,3,0,1,1,0,1,3,2,1,1,314241
114,2,2,22,0,3,1,4,1,0,3,3,1,0.07784324780788936,3,4,1,1,0,0,1,1,2,1,1,682927
195,3,3,20,3,6,1,2,0,1,3,4,1,0.02573446685975607,1,2,0,0,1,0,2,4,4,1,0,581944
